,,,Away,,Away,,Away,,Away,,Away,,Away,,Away,,Away,,Away,,Away,,Away,,Away,,Away,,Away,,Away,
,,,25,,15,,16,,17,,18,,19,,20,,21,,22,,23,,24,,26,,27,,28,,,
Period,Frame,Time [s],Player25,,Player15,,Player16,,Player17,,Player18,,Player19,,Player20,,Player21,,Player22,,Player23,,Player24,,Player26,,Player27,,Player28,,Ball,
1,2250,90,0.9953,0.46877,0.93261,0.44199,0.90054,0.53105,0.92515,0.5653,0.90187,0.16489,0.88591,0.56606,0.92703,0.54147,0.93573,0.48801,0.90898,0.49238,0.76992,0.55052,0.85693,0.2023,NaN,NaN,NaN,NaN,NaN,NaN,0.89814,0.13259
1,2251,90.04,0.9954,0.46855,0.93242,0.44147,0.90097,0.53053,0.92506,0.56599,0.90143,0.16485,0.88598,0.56596,0.92695,0.54133,0.93536,0.4882,0.90911,0.49169,0.77026,0.55008,0.85573,0.20181,NaN,NaN,NaN,NaN,NaN,NaN,0.89762,0.13287
1,2252,90.08,0.9955,0.46834,0.93222,0.44097,0.90144,0.53004,0.92496,0.56673,0.90097,0.16482,0.88619,0.56575,0.92687,0.54125,0.93503,0.48831,0.90929,0.49098,0.7706,0.54965,0.85454,0.20127,NaN,NaN,NaN,NaN,NaN,NaN,0.89709,0.13317
1,2253,90.12,0.9956,0.46812,0.93201,0.44047,0.9019,0.52956,0.92489,0.5675,0.90049,0.16481,0.8863,0.56565,0.92681,0.54114,0.93473,0.48845,0.90946,0.49029,0.77093,0.54921,0.85336,0.20074,NaN,NaN,NaN,NaN,NaN,NaN,0.89652,0.13346
1,2254,90.16,0.99567,0.46796,0.93177,0.43997,0.9024,0.52912,0.9248,0.56833,0.89998,0.16488,0.88653,0.56548,0.92677,0.54106,0.93437,0.4887,0.90969,0.48952,0.77127,0.54877,0.85217,0.20024,NaN,NaN,NaN,NaN,NaN,NaN,0.89598,0.1337
1,2255,90.2,0.99571,0.46787,0.93149,0.43953,0.90288,0.52873,0.92473,0.56917,0.89947,0.16489,0.88679,0.56529,0.9267,0.54108,0.93404,0.48896,0.9099,0.48882,0.77161,0.54833,0.851,0.19976,NaN,NaN,NaN,NaN,NaN,NaN,0.89546,0.13389
1,2256,90.24,0.99572,0.46785,0.9312,0.4391,0.90341,0.52832,0.92464,0.57007,0.89895,0.16492,0.88714,0.56511,0.92662,0.54116,0.93368,0.48929,0.91012,0.48814,0.77195,0.54789,0.84984,0.19931,NaN,NaN,NaN,NaN,NaN,NaN,0.89494,0.1341
1,2257,90.28,0.99572,0.46785,0.93087,0.43873,0.90392,0.52793,0.92459,0.57035,0.89841,0.16496,0.8875,0.5649,0.92655,0.54127,0.93334,0.48958,0.91034,0.48747,0.77228,0.54745,0.84871,0.19881,NaN,NaN,NaN,NaN,NaN,NaN,0.89443,0.13425
1,2258,90.32,0.99572,0.46785,0.93051,0.43843,0.90453,0.52746,0.92449,0.5706,0.89786,0.16494,0.888,0.56459,0.92649,0.54134,0.93301,0.4899,0.91055,0.48682,0.77262,0.54701,0.84757,0.19834,NaN,NaN,NaN,NaN,NaN,NaN,0.8939,0.1345
1,2259,90.36,0.99572,0.46785,0.93014,0.43813,0.90512,0.52704,0.92439,0.57094,0.89728,0.16501,0.8885,0.5643,0.92641,0.54153,0.93271,0.4903,0.91076,0.48618,0.77296,0.54657,0.84642,0.19805,NaN,NaN,NaN,NaN,NaN,NaN,0.8934,0.13462
1,2260,90.4,0.99571,0.46787,0.92977,0.43786,0.90577,0.52661,0.92422,0.57135,0.89668,0.16509,0.88906,0.56396,0.92636,0.54164,0.93239,0.49077,0.91099,0.48547,0.7733,0.54612,0.84531,0.19764,NaN,NaN,NaN,NaN,NaN,NaN,0.89286,0.13482
1,2261,90.44,0.99567,0.46796,0.92939,0.4376,0.90642,0.52626,0.92401,0.57188,0.89603,0.16526,0.88971,0.56358,0.9263,0.54182,0.93208,0.49127,0.91122,0.48478,0.77364,0.54568,0.84421,0.19726,NaN,NaN,NaN,NaN,NaN,NaN,0.89235,0.13491
1,2262,90.48,0.99563,0.46807,0.92896,0.43741,0.90717,0.52583,0.92381,0.57244,0.89541,0.16539,0.89036,0.56336,0.92626,0.54193,0.93178,0.49179,0.91164,0.48409,0.77398,0.54524,0.84311,0.19691,NaN,NaN,NaN,NaN,NaN,NaN,0.89182,0.13509
1,2263,90.52,0.99559,0.46818,0.92854,0.43718,0.90791,0.52541,0.92367,0.57305,0.89475,0.1656,0.891,0.56316,0.92626,0.54202,0.93153,0.49224,0.91202,0.4834,0.77432,0.5448,0.84202,0.19659,NaN,NaN,NaN,NaN,NaN,NaN,0.89132,0.13514
1,2264,90.56,0.99554,0.46836,0.92809,0.43701,0.90863,0.525,0.92349,0.57382,0.89405,0.16583,0.8917,0.56302,0.92626,0.54209,0.93124,0.49275,0.91241,0.4828,0.77465,0.54435,0.84092,0.19638,NaN,NaN,NaN,NaN,NaN,NaN,0.89112,0.13831
1,2265,90.6,0.99548,0.46858,0.92764,0.43687,0.90935,0.52461,0.92338,0.57452,0.89335,0.16608,0.89245,0.56282,0.92628,0.54218,0.93094,0.49327,0.91279,0.48221,0.77499,0.54391,0.83983,0.1962,NaN,NaN,NaN,NaN,NaN,NaN,0.89217,0.15128
1,2266,90.64,0.99543,0.4688,0.92723,0.43665,0.91018,0.5242,0.92325,0.5754,0.89264,0.16636,0.89326,0.56267,0.92632,0.54225,0.9306,0.49385,0.91318,0.48165,0.77534,0.54347,0.83877,0.19599,NaN,NaN,NaN,NaN,NaN,NaN,0.89321,0.16425
1,2267,90.68,0.99538,0.46906,0.92681,0.43646,0.911,0.52386,0.92321,0.57641,0.89191,0.16666,0.89412,0.56247,0.92636,0.54235,0.93034,0.49438,0.91357,0.48112,0.77568,0.54302,0.8377,0.19588,NaN,NaN,NaN,NaN,NaN,NaN,0.89426,0.17722
1,2268,90.72,0.99532,0.46939,0.92642,0.43625,0.91184,0.52355,0.92324,0.57753,0.89117,0.16698,0.89503,0.56231,0.92641,0.54248,0.93012,0.49484,0.91398,0.48061,0.77602,0.54258,0.83662,0.19587,NaN,NaN,NaN,NaN,NaN,NaN,0.8953,0.19018
1,2269,90.76,0.99526,0.46971,0.926,0.4361,0.91266,0.5233,0.92326,0.57898,0.8904,0.1674,0.89594,0.56223,0.92652,0.5425,0.92996,0.49519,0.91439,0.48014,0.77636,0.54213,0.83554,0.19589,NaN,NaN,NaN,NaN,NaN,NaN,0.89635,0.20315
1,2270,90.8,0.99522,0.47004,0.92562,0.43589,0.91352,0.52305,0.92327,0.5806,0.88961,0.16785,0.89695,0.56208,0.92667,0.54246,0.92981,0.49551,0.91482,0.47958,0.7767,0.54169,0.83447,0.19595,NaN,NaN,NaN,NaN,NaN,NaN,0.8974,0.21612
1,2271,90.84,0.99521,0.47037,0.92524,0.43569,0.91439,0.52277,0.92311,0.58237,0.88884,0.16824,0.89799,0.56192,0.9268,0.54248,0.9297,0.49582,0.91523,0.47904,0.77704,0.54124,0.83341,0.19597,NaN,NaN,NaN,NaN,NaN,NaN,0.89844,0.22909
1,2272,90.88,0.99519,0.47074,0.92488,0.43548,0.91529,0.52248,0.92283,0.5844,0.88807,0.16867,0.89908,0.56175,0.92696,0.5425,0.92957,0.49615,0.91568,0.47849,0.77738,0.5408,0.83238,0.19595,NaN,NaN,NaN,NaN,NaN,NaN,0.89949,0.24206
1,2273,90.92,0.99516,0.47118,0.92455,0.43525,0.9162,0.52217,0.92256,0.58733,0.88732,0.16906,0.90017,0.56156,0.92715,0.5425,0.92946,0.49645,0.91613,0.47797,0.77773,0.54035,0.83134,0.19604,NaN,NaN,NaN,NaN,NaN,NaN,0.90053,0.25502
1,2274,90.96,0.99514,0.47161,0.92426,0.43494,0.91718,0.5218,0.92232,0.5917,0.88655,0.16955,0.90128,0.56145,0.92735,0.54248,0.92935,0.49677,0.91661,0.47743,0.77807,0.5399,0.83029,0.19615,NaN,NaN,NaN,NaN,NaN,NaN,0.90158,0.26799
1,2275,91,0.99514,0.47205,0.92398,0.4346,0.91815,0.52146,0.92165,0.59847,0.88579,0.17008,0.90235,0.56139,0.92759,0.54239,0.92924,0.49707,0.91698,0.47708,0.77841,0.53946,0.82927,0.19623,NaN,NaN,NaN,NaN,NaN,NaN,0.90262,0.28096
1,2276,91.04,0.99516,0.47248,0.92372,0.43424,0.91915,0.52106,0.92212,0.59973,0.885,0.1707,0.90346,0.56138,0.92786,0.54225,0.92917,0.4973,0.91732,0.47675,0.77875,0.53901,0.82826,0.19628,NaN,NaN,NaN,NaN,NaN,NaN,0.90367,0.29393
1,2277,91.08,0.99517,0.47296,0.92345,0.43391,0.92015,0.52062,0.9224,0.60097,0.8842,0.17136,0.90453,0.56142,0.92815,0.54208,0.9291,0.4975,0.91766,0.47644,0.7791,0.53856,0.82725,0.19635,NaN,NaN,NaN,NaN,NaN,NaN,0.90472,0.3069
1,2278,91.12,0.99518,0.4735,0.92319,0.4336,0.9212,0.52012,0.92243,0.60239,0.88345,0.17198,0.90564,0.56135,0.92847,0.54186,0.92894,0.49784,0.91798,0.47614,0.77944,0.53811,0.82623,0.19645,NaN,NaN,NaN,NaN,NaN,NaN,0.90576,0.31986
1,2279,91.16,0.99519,0.47404,0.92294,0.43333,0.92221,0.51969,0.92499,0.59994,0.88273,0.17257,0.90672,0.5614,0.92881,0.54161,0.92877,0.4982,0.91829,0.47587,0.77979,0.53766,0.82523,0.1966,NaN,NaN,NaN,NaN,NaN,NaN,0.90681,0.33283
1,2280,91.2,0.9952,0.47461,0.9227,0.43303,0.92324,0.51929,0.92756,0.59749,0.88201,0.17327,0.90783,0.56148,0.92916,0.54139,0.9286,0.49854,0.91859,0.47561,0.78013,0.53722,0.82426,0.19663,NaN,NaN,NaN,NaN,NaN,NaN,0.90785,0.3458
1,2281,91.24,0.99521,0.47524,0.92248,0.4327,0.92426,0.5189,0.93014,0.59502,0.88131,0.17401,0.90894,0.56158,0.92953,0.54116,0.92844,0.49884,0.91889,0.47527,0.78007,0.53729,0.82329,0.1967,NaN,NaN,NaN,NaN,NaN,NaN,0.9089,0.35877
1,2282,91.28,0.99522,0.47588,0.92226,0.4324,0.92529,0.51854,0.93274,0.59254,0.88065,0.17472,0.91008,0.56163,0.92991,0.5409,0.92829,0.49912,0.91921,0.47495,0.77999,0.53739,0.82232,0.19688,NaN,NaN,NaN,NaN,NaN,NaN,0.90994,0.37174
1,2283,91.32,0.99525,0.47653,0.922,0.43223,0.92631,0.51821,0.93535,0.59004,0.88002,0.17548,0.91119,0.56168,0.9303,0.54067,0.92815,0.49943,0.9196,0.4746,0.78002,0.53757,0.82134,0.19708,NaN,NaN,NaN,NaN,NaN,NaN,0.91099,0.3847
1,2284,91.36,0.99527,0.47724,0.92176,0.43203,0.92736,0.51786,0.93797,0.58753,0.87944,0.17622,0.91234,0.56168,0.9307,0.54042,0.92799,0.49976,0.91996,0.47436,0.77997,0.53775,0.82037,0.19732,NaN,NaN,NaN,NaN,NaN,NaN,0.91204,0.39767
1,2285,91.4,0.99529,0.478,0.92152,0.43186,0.92841,0.51748,0.93764,0.58886,0.87888,0.17699,0.91351,0.56161,0.9311,0.5402,0.92783,0.50005,0.92029,0.47413,0.77987,0.53813,0.81943,0.19752,NaN,NaN,NaN,NaN,NaN,NaN,0.91308,0.41064
1,2286,91.44,0.99534,0.47875,0.92129,0.43172,0.92947,0.51712,0.93731,0.59019,0.87834,0.1778,0.91473,0.5615,0.93152,0.54,0.92768,0.50037,0.92062,0.47392,0.77974,0.53862,0.81848,0.19775,NaN,NaN,NaN,NaN,NaN,NaN,0.91413,0.42361
1,2287,91.48,0.99541,0.4795,0.92108,0.43156,0.9305,0.51678,0.93697,0.59151,0.87782,0.17873,0.91601,0.56128,0.93195,0.53978,0.92752,0.50066,0.92093,0.47374,0.77963,0.53893,0.81753,0.19808,NaN,NaN,NaN,NaN,NaN,NaN,0.91517,0.43658
1,2288,91.52,0.99549,0.48025,0.92087,0.43142,0.93156,0.51642,0.93664,0.59282,0.87734,0.17963,0.91732,0.56101,0.9324,0.5396,0.92736,0.50097,0.92125,0.47357,0.77948,0.53935,0.81659,0.19837,NaN,NaN,NaN,NaN,NaN,NaN,0.91622,0.44954
1,2289,91.56,0.99557,0.481,0.92067,0.43131,0.93255,0.5161,0.93631,0.59414,0.87689,0.18058,0.91862,0.56071,0.93284,0.53943,0.92724,0.50116,0.92154,0.47342,0.77932,0.53998,0.81565,0.1987,NaN,NaN,NaN,NaN,NaN,NaN,0.91726,0.46251
1,2290,91.6,0.99565,0.48179,0.92052,0.43113,0.93353,0.51579,0.93598,0.59545,0.87646,0.18156,0.91993,0.56048,0.93327,0.53928,0.92713,0.50132,0.92187,0.47326,0.77921,0.5404,0.81473,0.19906,NaN,NaN,NaN,NaN,NaN,NaN,0.92061,0.46972
1,2291,91.64,0.99566,0.48271,0.92037,0.43097,0.93446,0.51554,0.93565,0.59675,0.87604,0.18265,0.92116,0.56028,0.93368,0.53915,0.92698,0.5016,0.92218,0.47311,0.77914,0.54085,0.81381,0.19945,NaN,NaN,NaN,NaN,NaN,NaN,0.92518,0.47383
1,2292,91.68,0.99567,0.48367,0.92024,0.43085,0.93544,0.51523,0.93793,0.5947,0.87567,0.18371,0.92244,0.56013,0.93412,0.53899,0.92682,0.50189,0.92249,0.47299,0.77907,0.54148,0.8129,0.19987,NaN,NaN,NaN,NaN,NaN,NaN,0.92976,0.47795
1,2293,91.72,0.99568,0.48462,0.92013,0.43071,0.93637,0.51491,0.93975,0.59443,0.87532,0.18482,0.92365,0.55991,0.93454,0.53886,0.92666,0.50215,0.92275,0.47292,0.77904,0.54212,0.812,0.20033,NaN,NaN,NaN,NaN,NaN,NaN,0.93434,0.48206
1,2294,91.76,0.9957,0.48564,0.92005,0.43054,0.93729,0.51461,0.94124,0.594,0.87499,0.18595,0.92487,0.55977,0.93496,0.53879,0.9265,0.50244,0.923,0.47281,0.77907,0.54279,0.81113,0.20075,NaN,NaN,NaN,NaN,NaN,NaN,0.93892,0.48617
1,2295,91.8,0.99571,0.48673,0.91997,0.4304,0.93816,0.51432,0.94218,0.59425,0.8747,0.18706,0.92602,0.55967,0.93537,0.53869,0.92636,0.50265,0.92317,0.47279,0.77909,0.54353,0.81028,0.20114,NaN,NaN,NaN,NaN,NaN,NaN,0.9435,0.49028
1,2296,91.84,0.9957,0.48787,0.91991,0.43023,0.93907,0.514,0.94307,0.59435,0.87444,0.1882,0.92716,0.55963,0.93577,0.53865,0.92622,0.50287,0.92332,0.47279,0.77913,0.54434,0.80944,0.20149,NaN,NaN,NaN,NaN,NaN,NaN,0.94808,0.49439
1,2297,91.88,0.99566,0.48912,0.91989,0.43004,0.93991,0.51367,0.94375,0.59461,0.87418,0.18938,0.92816,0.55969,0.9362,0.5385,0.92603,0.50316,0.92341,0.47284,0.77916,0.54519,0.80861,0.20186,NaN,NaN,NaN,NaN,NaN,NaN,0.95266,0.4985
1,2298,91.92,0.99558,0.49049,0.91986,0.42988,0.94079,0.51322,0.94442,0.59475,0.8739,0.19072,0.92914,0.55981,0.9366,0.53836,0.92583,0.50345,0.92348,0.4729,0.7792,0.54611,0.80778,0.20234,NaN,NaN,NaN,NaN,NaN,NaN,0.95723,0.50261
1,2299,91.96,0.99549,0.49192,0.91987,0.42969,0.94162,0.51276,0.94497,0.59502,0.87364,0.19202,0.92997,0.56002,0.93699,0.53822,0.92568,0.50364,0.92351,0.47302,0.77928,0.54693,0.80699,0.20271,NaN,NaN,NaN,NaN,NaN,NaN,0.96181,0.50673
1,2300,92,0.99539,0.4934,0.9199,0.42948,0.94249,0.51218,0.94546,0.59528,0.87338,0.19333,0.93082,0.56027,0.93737,0.53806,0.92554,0.50379,0.92353,0.47315,0.77935,0.54776,0.80619,0.20318,NaN,NaN,NaN,NaN,NaN,NaN,0.96639,0.51084
1,2301,92.04,0.99527,0.49495,0.91996,0.42924,0.94329,0.51164,0.94592,0.59544,0.87312,0.19468,0.93156,0.56052,0.93777,0.53786,0.92542,0.50392,0.92352,0.4733,0.77944,0.54851,0.80539,0.20367,NaN,NaN,NaN,NaN,NaN,NaN,0.97097,0.51495
1,2302,92.08,0.99514,0.49656,0.92,0.42908,0.94413,0.51103,0.94631,0.5957,0.87287,0.19604,0.93231,0.56075,0.93819,0.53755,0.9253,0.50407,0.92352,0.4734,0.77955,0.54921,0.80461,0.20412,NaN,NaN,NaN,NaN,NaN,NaN,0.97555,0.51906
1,2303,92.12,0.99501,0.49822,0.9201,0.42884,0.94485,0.51053,0.94666,0.59597,0.87262,0.19742,0.93289,0.56111,0.93861,0.53724,0.92518,0.50417,0.9235,0.47352,0.7796,0.54979,0.80385,0.2046,NaN,NaN,NaN,NaN,NaN,NaN,0.98013,0.52317
1,2304,92.16,0.99484,0.5,0.9202,0.42862,0.94564,0.50987,0.94699,0.59624,0.87239,0.19875,0.93351,0.56139,0.93903,0.5369,0.92505,0.5043,0.92352,0.47361,0.77963,0.55042,0.80309,0.2051,NaN,NaN,NaN,NaN,NaN,NaN,0.9847,0.52728
1,2305,92.2,0.99467,0.50186,0.9203,0.42841,0.94635,0.50922,0.94728,0.59645,0.87216,0.20009,0.93403,0.56175,0.9394,0.53666,0.92493,0.50438,0.92347,0.47385,0.77967,0.55103,0.80235,0.20562,NaN,NaN,NaN,NaN,NaN,NaN,0.98928,0.5314
1,2306,92.24,0.99452,0.50372,0.92042,0.42817,0.94711,0.50851,0.94754,0.59666,0.87196,0.20138,0.93456,0.56207,0.94002,0.53618,0.92481,0.50449,0.92344,0.47406,0.77972,0.55166,0.80161,0.20616,NaN,NaN,NaN,NaN,NaN,NaN,0.99386,0.53551
1,2307,92.28,0.99439,0.50561,0.92055,0.42794,0.94775,0.50791,0.94779,0.59684,0.87176,0.20268,0.93509,0.56225,0.94061,0.53575,0.92468,0.50459,0.92336,0.47431,0.77977,0.55229,0.80088,0.20671,NaN,NaN,NaN,NaN,NaN,NaN,0.99844,0.53962
1,2308,92.32,0.99426,0.50755,0.92068,0.42773,0.94843,0.50717,0.94801,0.59703,0.87158,0.20393,0.93564,0.56236,0.94123,0.53525,0.92456,0.50467,0.9233,0.47453,0.77981,0.55294,0.80016,0.20728,NaN,NaN,NaN,NaN,NaN,NaN,1.00302,0.54373
1,2309,92.36,0.99414,0.50948,0.92082,0.42753,0.94911,0.50644,0.94821,0.59717,0.8714,0.20518,0.93611,0.56243,0.94185,0.53475,0.92447,0.50471,0.92321,0.47475,0.77988,0.55352,0.79944,0.20787,NaN,NaN,NaN,NaN,NaN,NaN,1.0076,0.54784
1,2310,92.4,0.99403,0.51141,0.92095,0.42734,0.94986,0.50564,0.94837,0.59736,0.87124,0.20645,0.93658,0.56251,0.94246,0.53425,0.92439,0.50476,0.92305,0.47521,0.77995,0.55411,0.79875,0.2084,NaN,NaN,NaN,NaN,NaN,NaN,NaN,NaN
1,2311,92.44,0.99395,0.51333,0.92109,0.42715,0.95046,0.50489,0.94849,0.59753,0.87108,0.20765,0.93698,0.56257,0.94306,0.53376,0.92433,0.50478,0.92287,0.47563,0.78002,0.5547,0.79804,0.209,NaN,NaN,NaN,NaN,NaN,NaN,NaN,NaN
1,2312,92.48,0.9939,0.51517,0.92123,0.42698,0.95111,0.5041,0.94858,0.59774,0.87094,0.20885,0.9374,0.56254,0.94367,0.53322,0.92427,0.50481,0.9227,0.47605,0.78009,0.55531,0.79736,0.20955,NaN,NaN,NaN,NaN,NaN,NaN,NaN,NaN
1,2313,92.52,0.99392,0.51687,0.92134,0.42685,0.95172,0.50329,0.94864,0.59792,0.87079,0.21006,0.93776,0.56248,0.94428,0.53268,0.92419,0.50488,0.92251,0.47647,0.78016,0.55588,0.7967,0.21011,NaN,NaN,NaN,NaN,NaN,NaN,NaN,NaN
1,2314,92.56,0.9939,0.51864,0.92151,0.42663,0.95232,0.50249,0.94896,0.59806,0.87065,0.21119,0.93812,0.56243,0.94483,0.53223,0.92411,0.50496,0.92234,0.47684,0.78025,0.55642,0.79604,0.21075,NaN,NaN,NaN,NaN,NaN,NaN,NaN,NaN
1,2315,92.6,0.99387,0.52041,0.92163,0.42652,0.95288,0.50172,0.94924,0.59822,0.87054,0.21226,0.93836,0.56248,0.94534,0.53187,0.92402,0.50509,0.92216,0.47732,0.78035,0.55696,0.79537,0.21138,NaN,NaN,NaN,NaN,NaN,NaN,NaN,NaN
1,2316,92.64,0.99385,0.52212,0.92175,0.4264,0.95353,0.50077,0.94947,0.5984,0.87041,0.21333,0.93863,0.56249,0.94588,0.53146,0.9239,0.50527,0.92197,0.47781,0.78044,0.55755,0.79471,0.21202,NaN,NaN,NaN,NaN,NaN,NaN,NaN,NaN
1,2317,92.68,0.99384,0.52377,0.92186,0.42628,0.95414,0.49986,0.94966,0.59858,0.87029,0.21438,0.93885,0.56252,0.94639,0.53105,0.92379,0.50545,0.92174,0.47832,0.78054,0.5581,0.79407,0.21266,NaN,NaN,NaN,NaN,NaN,NaN,NaN,NaN
1,2318,92.72,0.99385,0.52535,0.92195,0.42621,0.95477,0.49889,0.9498,0.59877,0.87016,0.21544,0.93905,0.56259,0.94693,0.53059,0.92369,0.50558,0.92154,0.4788,0.78064,0.55861,0.79345,0.21324,NaN,NaN,NaN,NaN,NaN,NaN,NaN,NaN
1,2319,92.76,0.99385,0.52693,0.92202,0.42618,0.95533,0.498,0.94992,0.59895,0.87005,0.21641,0.93923,0.56261,0.94745,0.53018,0.9236,0.50572,0.92131,0.47931,0.78075,0.55912,0.79284,0.21383,NaN,NaN,NaN,NaN,NaN,NaN,NaN,NaN
1,2320,92.8,0.99384,0.5285,0.92208,0.42615,0.95596,0.49697,0.95003,0.59912,0.86992,0.21738,0.9394,0.56267,0.94797,0.52986,0.92351,0.50585,0.92107,0.47982,0.78085,0.55958,0.79224,0.2144,NaN,NaN,NaN,NaN,NaN,NaN,NaN,NaN
1,2321,92.84,0.99381,0.53007,0.92212,0.42617,0.95654,0.49602,0.95014,0.59925,0.86983,0.21828,0.93954,0.56271,0.94847,0.52959,0.92338,0.50607,0.92085,0.48033,0.78096,0.56005,0.79164,0.21504,NaN,NaN,NaN,NaN,NaN,NaN,NaN,NaN
1,2322,92.88,0.99377,0.53163,0.92218,0.42619,0.95717,0.49502,0.95021,0.59941,0.86973,0.21916,0.9397,0.56272,0.94896,0.52931,0.92324,0.50633,0.92064,0.48084,0.78107,0.56051,0.79105,0.21568,NaN,NaN,NaN,NaN,NaN,NaN,NaN,NaN
1,2323,92.92,0.99371,0.53319,0.92222,0.42625,0.95774,0.4941,0.95028,0.59955,0.86963,0.22003,0.93981,0.56283,0.94942,0.52906,0.92317,0.50646,0.92044,0.4813,0.78118,0.56097,0.79046,0.21631,NaN,NaN,NaN,NaN,NaN,NaN,NaN,NaN
1,2324,92.96,0.99369,0.53469,0.92226,0.42624,0.95836,0.49309,0.95031,0.59972,0.86952,0.22088,0.9399,0.56299,0.94988,0.52885,0.9231,0.50659,0.92025,0.48176,0.78129,0.56142,0.78987,0.217,NaN,NaN,NaN,NaN,NaN,NaN,NaN,NaN
1,2325,93,0.99368,0.53612,0.92227,0.42627,0.95896,0.49206,0.95035,0.59985,0.86943,0.22158,0.93996,0.56312,0.95032,0.52863,0.92301,0.50676,0.92007,0.48221,0.78139,0.56187,0.78928,0.21775,NaN,NaN,NaN,NaN,NaN,NaN,NaN,NaN
1,2326,93.04,0.99369,0.53749,0.92229,0.4263,0.95956,0.49101,0.95037,0.6,0.86937,0.22228,0.94003,0.56325,0.95081,0.52837,0.92294,0.50687,0.9199,0.48265,0.78149,0.56226,0.7887,0.21849,NaN,NaN,NaN,NaN,NaN,NaN,NaN,NaN
1,2327,93.08,0.99369,0.53884,0.92231,0.42631,0.96015,0.48994,0.95038,0.60015,0.86927,0.22309,0.94006,0.56346,0.95127,0.52815,0.92286,0.50702,0.91971,0.48308,0.7816,0.56265,0.78815,0.21915,NaN,NaN,NaN,NaN,NaN,NaN,NaN,NaN
1,2328,93.12,0.99368,0.54019,0.92234,0.42631,0.96073,0.48892,0.95038,0.60027,0.86914,0.22395,0.94009,0.56365,0.95172,0.52801,0.92278,0.50716,0.91953,0.4835,0.7817,0.56303,0.78761,0.21981,NaN,NaN,NaN,NaN,NaN,NaN,NaN,NaN
1,2329,93.16,0.99369,0.54147,0.92235,0.42636,0.96127,0.48791,0.95039,0.60035,0.869,0.22478,0.94009,0.56392,0.95217,0.52786,0.9227,0.50729,0.91938,0.48382,0.7818,0.5634,0.78709,0.22045,NaN,NaN,NaN,NaN,NaN,NaN,NaN,NaN
1,2330,93.2,0.9937,0.54271,0.92238,0.42634,0.96179,0.48694,0.9504,0.60041,0.86886,0.22559,0.9401,0.56419,0.95277,0.52734,0.92264,0.50742,0.91922,0.48418,0.78188,0.56375,0.78657,0.22115,NaN,NaN,NaN,NaN,NaN,NaN,NaN,NaN
1,2331,93.24,0.99369,0.54395,0.92242,0.4263,0.9623,0.48594,0.9504,0.60047,0.86873,0.22638,0.94005,0.56451,0.95299,0.52754,0.92255,0.50757,0.91908,0.48447,0.78196,0.56409,0.78607,0.22184,NaN,NaN,NaN,NaN,NaN,NaN,NaN,NaN
1,2332,93.28,0.99367,0.54519,0.92243,0.4263,0.9628,0.48498,0.95041,0.60051,0.8686,0.22715,0.94,0.56487,0.95321,0.52779,0.92247,0.50772,0.91894,0.48475,0.78204,0.56441,0.78558,0.22244,NaN,NaN,NaN,NaN,NaN,NaN,NaN,NaN
1,2333,93.32,0.99366,0.54643,0.92246,0.42629,0.96326,0.48404,0.9504,0.60058,0.86848,0.22791,0.9399,0.56529,0.95341,0.528,0.92239,0.50785,0.91881,0.48502,0.78214,0.56465,0.78511,0.22303,NaN,NaN,NaN,NaN,NaN,NaN,NaN,NaN
1,2334,93.36,0.99364,0.54766,0.9225,0.42626,0.96374,0.48315,0.95039,0.60064,0.86836,0.22864,0.93978,0.5657,0.95361,0.5282,0.92231,0.50797,0.91869,0.48528,0.78223,0.56487,0.78464,0.22367,NaN,NaN,NaN,NaN,NaN,NaN,NaN,NaN
1,2335,93.4,0.99362,0.54887,0.9225,0.42627,0.96423,0.48225,0.95038,0.60068,0.86823,0.22934,0.93966,0.56603,0.95379,0.52844,0.92223,0.50812,0.91854,0.48556,0.78232,0.56503,0.7842,0.22422,NaN,NaN,NaN,NaN,NaN,NaN,NaN,NaN
1,2336,93.44,0.99363,0.55002,0.92252,0.42626,0.9647,0.48161,0.95037,0.60071,0.86813,0.22996,0.93957,0.56631,0.95395,0.52864,0.92215,0.50826,0.9184,0.48584,0.78242,0.56518,0.78378,0.22476,NaN,NaN,NaN,NaN,NaN,NaN,NaN,NaN
1,2337,93.48,0.99364,0.55119,0.92254,0.42623,0.9651,0.48109,0.95034,0.60077,0.86799,0.23068,0.93944,0.56657,0.95411,0.52883,0.92208,0.50839,0.91825,0.48609,0.78253,0.56528,0.78336,0.22528,NaN,NaN,NaN,NaN,NaN,NaN,NaN,NaN
1,2338,93.52,0.99361,0.55241,0.92257,0.42619,0.96554,0.48051,0.95032,0.60077,0.86786,0.23139,0.93932,0.56676,0.95425,0.52899,0.92202,0.5085,0.91812,0.48633,0.78263,0.56536,0.78295,0.22585,NaN,NaN,NaN,NaN,NaN,NaN,NaN,NaN
1,2339,93.56,0.9936,0.55357,0.92259,0.42612,0.96602,0.47993,0.95029,0.60079,0.86773,0.23206,0.9392,0.56688,0.95439,0.52909,0.92196,0.5086,0.91799,0.48661,0.78273,0.56542,0.78254,0.2264,NaN,NaN,NaN,NaN,NaN,NaN,NaN,NaN
1,2340,93.6,0.9936,0.55469,0.92261,0.42604,0.96652,0.47935,0.95024,0.60084,0.86759,0.2327,0.93906,0.56703,0.95452,0.52921,0.92188,0.50873,0.91785,0.48692,0.78281,0.5655,0.78213,0.22698,NaN,NaN,NaN,NaN,NaN,NaN,NaN,NaN
1,2341,93.64,0.9936,0.55581,0.92262,0.42598,0.96703,0.47874,0.9502,0.60088,0.86746,0.23332,0.93893,0.56712,0.95463,0.5293,0.92182,0.50884,0.91774,0.48723,0.78289,0.56556,0.78173,0.22755,NaN,NaN,NaN,NaN,NaN,NaN,NaN,NaN
1,2342,93.68,0.99361,0.55685,0.92263,0.4259,0.96759,0.47807,0.95017,0.6009,0.86733,0.23391,0.93877,0.56722,0.9547,0.52951,0.92175,0.50899,0.91763,0.48752,0.78299,0.56557,0.78134,0.22816,NaN,NaN,NaN,NaN,NaN,NaN,NaN,NaN
1,2343,93.72,0.99368,0.55778,0.92267,0.42582,0.96812,0.47754,0.95013,0.60091,0.86723,0.23441,0.93863,0.56727,0.95477,0.52971,0.9217,0.50912,0.91754,0.4878,0.78309,0.56557,0.78097,0.22869,NaN,NaN,NaN,NaN,NaN,NaN,NaN,NaN
1,2344,93.76,0.9937,0.55871,0.92269,0.42576,0.96868,0.47701,0.95011,0.60095,0.86713,0.23489,0.93849,0.56724,0.95486,0.52989,0.92163,0.50928,0.91747,0.48806,0.78318,0.56558,0.78058,0.22938,NaN,NaN,NaN,NaN,NaN,NaN,NaN,NaN
1,2345,93.8,0.99372,0.5596,0.92272,0.42568,0.96922,0.47662,0.95008,0.60097,0.86704,0.23541,0.93835,0.5672,0.95497,0.53006,0.92157,0.50947,0.9174,0.48831,0.78328,0.56558,0.78023,0.22993,NaN,NaN,NaN,NaN,NaN,NaN,NaN,NaN
1,2346,93.84,0.99379,0.56037,0.92275,0.4257,0.96981,0.47622,0.95005,0.60102,0.86697,0.23592,0.93822,0.56709,0.9551,0.53023,0.92152,0.50965,0.91736,0.48854,0.78338,0.5656,0.7799,0.23053,NaN,NaN,NaN,NaN,NaN,NaN,NaN,NaN
1,2347,93.88,0.99386,0.56111,0.92281,0.42566,0.97039,0.47592,0.95005,0.60106,0.86691,0.23639,0.93808,0.56701,0.95519,0.53051,0.92148,0.50987,0.91733,0.48882,0.78348,0.56561,0.77959,0.23111,NaN,NaN,NaN,NaN,NaN,NaN,NaN,NaN
1,2348,93.92,0.99391,0.56185,0.92286,0.42564,0.97105,0.47557,0.95005,0.60109,0.86686,0.23686,0.9379,0.56689,0.9553,0.53078,0.92142,0.51011,0.91731,0.48908,0.78358,0.56565,0.77931,0.23168,NaN,NaN,NaN,NaN,NaN,NaN,NaN,NaN
1,2349,93.96,0.99397,0.56247,0.92293,0.42562,0.97166,0.47541,0.95008,0.60115,0.86684,0.23731,0.93769,0.56683,0.95543,0.53104,0.92138,0.51034,0.91726,0.48942,0.78371,0.56564,0.77906,0.23218,NaN,NaN,NaN,NaN,NaN,NaN,NaN,NaN
1,2350,94,0.99404,0.56299,0.92301,0.42558,0.97229,0.4753,0.95011,0.60121,0.86682,0.23775,0.93748,0.56671,0.95558,0.53129,0.92135,0.51056,0.91723,0.48974,0.78383,0.56565,0.7788,0.23281,NaN,NaN,NaN,NaN,NaN,NaN,NaN,NaN
1,2351,94.04,0.99414,0.56339,0.92308,0.42558,0.9729,0.47527,0.95017,0.60124,0.86681,0.23818,0.93723,0.56659,0.95548,0.53177,0.92133,0.51076,0.91719,0.4901,0.78396,0.56566,0.77858,0.23337,NaN,NaN,NaN,NaN,NaN,NaN,NaN,NaN
1,2352,94.08,0.99423,0.56372,0.92318,0.42558,0.97355,0.47524,0.95023,0.60127,0.86681,0.23861,0.93708,0.56666,0.9554,0.53229,0.92133,0.51096,0.91714,0.4905,0.78409,0.56565,0.77837,0.23393,NaN,NaN,NaN,NaN,NaN,NaN,NaN,NaN
1,2353,94.12,0.99431,0.564,0.92327,0.42556,0.97415,0.47545,0.95028,0.60135,0.86682,0.23896,0.93691,0.5668,0.95528,0.53287,0.92131,0.51118,0.91709,0.49093,0.78423,0.56564,0.77819,0.23451,NaN,NaN,NaN,NaN,NaN,NaN,NaN,NaN
1,2354,94.16,0.9944,0.56421,0.92338,0.42553,0.97476,0.47571,0.95038,0.60139,0.86685,0.23931,0.93673,0.56695,0.95518,0.53345,0.92131,0.51139,0.91704,0.49134,0.78434,0.56574,0.77802,0.23509,NaN,NaN,NaN,NaN,NaN,NaN,NaN,NaN
1,2355,94.2,0.99448,0.5644,0.9235,0.42549,0.97535,0.47604,0.95048,0.60141,0.86688,0.23966,0.93654,0.56714,0.95508,0.53405,0.92131,0.51158,0.91709,0.49151,0.78448,0.56579,0.77784,0.23575,NaN,NaN,NaN,NaN,NaN,NaN,NaN,NaN
1,2356,94.24,0.99453,0.56458,0.9236,0.42548,0.97581,0.47588,0.9506,0.60145,0.86693,0.24003,0.93635,0.5673,0.95499,0.53463,0.92134,0.51177,0.91711,0.49176,0.78462,0.56584,0.77769,0.23636,NaN,NaN,NaN,NaN,NaN,NaN,NaN,NaN
1,2357,94.28,0.99453,0.5648,0.92369,0.42552,0.97632,0.4757,0.95072,0.60152,0.867,0.24033,0.93615,0.56753,0.95487,0.53528,0.92138,0.51194,0.91713,0.49204,0.78476,0.56588,0.77757,0.23692,NaN,NaN,NaN,NaN,NaN,NaN,NaN,NaN
1,2358,94.32,0.99449,0.56508,0.92379,0.42555,0.97678,0.47567,0.95087,0.60157,0.86707,0.24064,0.93595,0.56779,0.95476,0.53591,0.92139,0.51218,0.91714,0.4923,0.78491,0.56592,0.77744,0.2375,NaN,NaN,NaN,NaN,NaN,NaN,NaN,NaN
1,2359,94.36,0.99447,0.5653,0.92388,0.42562,0.97717,0.47588,0.95101,0.60159,0.86716,0.24097,0.93576,0.56802,0.95469,0.53647,0.92141,0.51242,0.91714,0.49265,0.78504,0.56599,0.77733,0.23811,NaN,NaN,NaN,NaN,NaN,NaN,NaN,NaN
1,2360,94.4,0.99444,0.5655,0.92398,0.42569,0.97751,0.47631,0.95115,0.60166,0.86724,0.2413,0.93556,0.56828,0.95462,0.53706,0.92145,0.51263,0.91715,0.49298,0.78518,0.56605,0.77726,0.23869,NaN,NaN,NaN,NaN,NaN,NaN,NaN,NaN
1,2361,94.44,0.99438,0.56575,0.92408,0.42574,0.97777,0.47702,0.95131,0.60171,0.86734,0.24158,0.93534,0.56854,0.95455,0.53762,0.9215,0.51283,0.91716,0.49329,0.78532,0.56611,0.7772,0.2393,NaN,NaN,NaN,NaN,NaN,NaN,NaN,NaN
1,2362,94.48,0.99429,0.56606,0.92417,0.42582,0.97797,0.47797,0.95147,0.60177,0.86745,0.24188,0.93511,0.56882,0.95447,0.5382,0.92157,0.51302,0.91716,0.49363,0.78547,0.56617,0.77715,0.23987,NaN,NaN,NaN,NaN,NaN,NaN,NaN,NaN
1,2363,94.52,0.99418,0.56643,0.92425,0.42589,0.97814,0.47918,0.95165,0.6018,0.86753,0.24218,0.93488,0.56907,0.95434,0.53881,0.92161,0.51327,0.91712,0.49399,0.7856,0.56625,0.77709,0.24047,NaN,NaN,NaN,NaN,NaN,NaN,NaN,NaN
1,2364,94.56,0.99405,0.5668,0.92431,0.42593,0.97839,0.48046,0.9518,0.60187,0.86759,0.2425,0.93464,0.56928,0.9542,0.5394,0.92165,0.51349,0.91707,0.49437,0.78572,0.56637,0.77704,0.24103,NaN,NaN,NaN,NaN,NaN,NaN,NaN,NaN
1,2365,94.6,0.99391,0.56718,0.92434,0.426,0.97878,0.48175,0.95194,0.60193,0.86762,0.24288,0.93438,0.56944,0.95401,0.53992,0.92167,0.51373,0.917,0.49471,0.78583,0.56647,0.77697,0.24162,NaN,NaN,NaN,NaN,NaN,NaN,NaN,NaN
1,2366,94.64,0.99375,0.56762,0.92434,0.42604,0.97933,0.48307,0.95203,0.60202,0.86761,0.24327,0.93409,0.5696,0.95381,0.54039,0.92166,0.51398,0.91691,0.49507,0.78591,0.56656,0.77688,0.24223,NaN,NaN,NaN,NaN,NaN,NaN,NaN,NaN
1,2367,94.68,0.99358,0.56804,0.92429,0.4261,0.98003,0.48439,0.95211,0.6021,0.86757,0.24365,0.93376,0.5698,0.95357,0.5409,0.92164,0.51419,0.91679,0.49539,0.78598,0.56666,0.77679,0.24286,NaN,NaN,NaN,NaN,NaN,NaN,NaN,NaN
1,2368,94.72,0.99343,0.5684,0.92424,0.42612,0.98093,0.48517,0.95221,0.60213,0.86751,0.24403,0.93342,0.56999,0.95331,0.54141,0.92164,0.51436,0.91662,0.49576,0.78603,0.56675,0.77669,0.24351,NaN,NaN,NaN,NaN,NaN,NaN,NaN,NaN
1,2369,94.76,0.99323,0.56888,0.92413,0.42621,0.98213,0.48523,0.9523,0.60216,0.86744,0.24439,0.93309,0.5701,0.953,0.54195,0.9216,0.51454,0.91644,0.49614,0.78608,0.5668,0.7766,0.2441,NaN,NaN,NaN,NaN,NaN,NaN,NaN,NaN
1,2370,94.8,0.99297,0.56942,0.92402,0.42626,0.98339,0.48534,0.95238,0.60217,0.86734,0.24481,0.93274,0.5702,0.95268,0.54244,0.92157,0.51472,0.91626,0.49648,0.78611,0.56687,0.7765,0.24469,NaN,NaN,NaN,NaN,NaN,NaN,NaN,NaN
1,2371,94.84,0.99271,0.56997,0.92388,0.42633,0.98462,0.48588,0.95247,0.60217,0.86722,0.24521,0.93236,0.57033,0.95233,0.54297,0.92151,0.51495,0.91605,0.49682,0.78614,0.56691,0.77638,0.24528,NaN,NaN,NaN,NaN,NaN,NaN,NaN,NaN
1,2372,94.88,0.99245,0.57052,0.92374,0.42636,0.98594,0.48666,0.95254,0.60217,0.86711,0.24552,0.93196,0.57046,0.95197,0.54349,0.92143,0.51518,0.91582,0.49721,0.78615,0.56697,0.77626,0.24592,NaN,NaN,NaN,NaN,NaN,NaN,NaN,NaN
1,2373,94.92,0.9922,0.57106,0.92359,0.42635,0.98732,0.48755,0.95258,0.60219,0.86701,0.24582,0.93154,0.57058,0.95159,0.5439,0.92135,0.51542,0.91558,0.49756,0.78617,0.56699,0.77612,0.24661,NaN,NaN,NaN,NaN,NaN,NaN,NaN,NaN
1,2374,94.96,0.99195,0.57161,0.92341,0.42635,0.98848,0.48884,0.9526,0.60224,0.86689,0.24609,0.9311,0.57069,0.95119,0.54431,0.92126,0.51566,0.91533,0.49792,0.78618,0.56702,0.77597,0.24729,NaN,NaN,NaN,NaN,NaN,NaN,NaN,NaN
1,2375,95,0.99168,0.57215,0.92321,0.42636,0.9893,0.49062,0.9526,0.60228,0.86677,0.24633,0.93064,0.57084,0.95064,0.54507,0.92115,0.5159,0.91509,0.49819,0.78618,0.56706,0.77583,0.24789,NaN,NaN,NaN,NaN,NaN,NaN,NaN,NaN
1,2376,95.04,0.99142,0.57269,0.92298,0.42639,0.98977,0.49338,0.95257,0.60231,0.86662,0.24661,0.93016,0.57099,0.95039,0.54518,0.92106,0.51606,0.91481,0.4985,0.78618,0.56707,0.7757,0.24854,NaN,NaN,NaN,NaN,NaN,NaN,NaN,NaN
1,2377,95.08,0.99113,0.57327,0.92274,0.42642,0.99106,0.49451,0.95251,0.60237,0.86646,0.24686,0.92968,0.57108,0.95012,0.5453,0.92096,0.51626,0.91452,0.49883,0.78616,0.56708,0.77556,0.24916,NaN,NaN,NaN,NaN,NaN,NaN,NaN,NaN
1,2378,95.12,0.99079,0.5739,0.92248,0.42641,0.99084,0.49469,0.95242,0.60242,0.86626,0.24713,0.92918,0.57118,0.94987,0.54537,0.92085,0.51648,0.9142,0.49915,0.78613,0.5671,0.77542,0.24983,NaN,NaN,NaN,NaN,NaN,NaN,NaN,NaN
1,2379,95.16,0.99048,0.57454,0.92221,0.42637,0.99063,0.49486,0.95232,0.60242,0.86605,0.24744,0.92869,0.57128,0.94958,0.54549,0.92073,0.5167,0.91385,0.49947,0.7861,0.56712,0.77529,0.2504,NaN,NaN,NaN,NaN,NaN,NaN,NaN,NaN
1,2380,95.2,0.99019,0.57517,0.92193,0.42634,0.99041,0.49504,0.95219,0.60246,0.86581,0.24778,0.92817,0.57138,0.94928,0.54561,0.9206,0.51692,0.9135,0.4998,0.78605,0.56718,0.77514,0.25107,NaN,NaN,NaN,NaN,NaN,NaN,NaN,NaN
1,2381,95.24,0.9899,0.5758,0.92163,0.42631,0.99019,0.49522,0.95202,0.60248,0.86559,0.24809,0.92762,0.57152,0.94898,0.54573,0.92045,0.51714,0.91313,0.50013,0.78599,0.56725,0.77499,0.25171,NaN,NaN,NaN,NaN,NaN,NaN,NaN,NaN
1,2382,95.28,0.98962,0.57639,0.92132,0.42625,0.98998,0.49539,0.95181,0.60253,0.86538,0.2483,0.92706,0.57166,0.94867,0.54586,0.9203,0.51733,0.91275,0.50047,0.78593,0.56732,0.77483,0.25238,NaN,NaN,NaN,NaN,NaN,NaN,NaN,NaN
1,2383,95.32,0.98936,0.57693,0.92102,0.42615,0.98976,0.49557,0.95191,0.60264,0.86513,0.24852,0.92647,0.57185,0.94834,0.54599,0.92014,0.51752,0.91235,0.50082,0.78587,0.56736,0.77469,0.25295,NaN,NaN,NaN,NaN,NaN,NaN,NaN,NaN
1,2384,95.36,0.98909,0.57747,0.92068,0.42611,0.98954,0.49575,0.95205,0.6027,0.86489,0.24871,0.92587,0.57199,0.94798,0.54617,0.91998,0.51767,0.91193,0.50116,0.7858,0.56739,0.77453,0.25355,NaN,NaN,NaN,NaN,NaN,NaN,NaN,NaN
1,2385,95.4,0.98882,0.57799,0.92034,0.4261,0.98933,0.49592,0.95217,0.60281,0.86463,0.24893,0.92526,0.5721,0.94763,0.54631,0.9198,0.51788,0.91151,0.50147,0.78573,0.5674,0.77439,0.25417,NaN,NaN,NaN,NaN,NaN,NaN,NaN,NaN
1,2386,95.44,0.98858,0.57845,0.91998,0.42609,0.98911,0.4961,0.95228,0.60291,0.86437,0.24911,0.92463,0.5722,0.94725,0.54651,0.91961,0.51809,0.91109,0.50174,0.78566,0.5674,0.77424,0.25476,NaN,NaN,NaN,NaN,NaN,NaN,NaN,NaN
1,2387,95.48,0.98834,0.5789,0.91961,0.42605,0.9889,0.49627,0.95235,0.60299,0.86409,0.24931,0.92403,0.57228,0.94686,0.54671,0.91941,0.51831,0.91065,0.50202,0.78557,0.56745,0.7741,0.2553,NaN,NaN,NaN,NaN,NaN,NaN,NaN,NaN
1,2388,95.52,0.9881,0.57935,0.91921,0.42601,0.98868,0.49645,0.95234,0.60305,0.86378,0.24953,0.9234,0.57236,0.94646,0.54692,0.91919,0.51854,0.91019,0.5023,0.78546,0.56753,0.77394,0.25593,NaN,NaN,NaN,NaN,NaN,NaN,NaN,NaN
1,2389,95.56,0.9879,0.57974,0.91881,0.42593,0.98847,0.49663,0.95226,0.6031,0.86345,0.24977,0.92276,0.5725,0.94604,0.54713,0.91898,0.51874,0.9097,0.50259,0.78535,0.56758,0.7738,0.25651,NaN,NaN,NaN,NaN,NaN,NaN,NaN,NaN
1,2390,95.6,0.98772,0.5801,0.91838,0.42587,0.98825,0.4968,0.95215,0.60311,0.86312,0.24996,0.9221,0.57264,0.94562,0.54731,0.91874,0.51894,0.9092,0.50288,0.78524,0.56762,0.77362,0.25717,NaN,NaN,NaN,NaN,NaN,NaN,NaN,NaN
1,2391,95.64,0.98753,0.58045,0.91792,0.42575,0.98803,0.49698,0.95197,0.60307,0.86275,0.25017,0.9214,0.57288,0.94518,0.54749,0.91847,0.51918,0.90865,0.50317,0.78511,0.56766,0.77345,0.25778,NaN,NaN,NaN,NaN,NaN,NaN,NaN,NaN
1,2392,95.68,0.98737,0.58081,0.91744,0.42564,0.98782,0.49715,0.95167,0.603,0.86236,0.25039,0.92068,0.57312,0.9447,0.54768,0.91819,0.51934,0.90809,0.50346,0.78496,0.5677,0.77326,0.25846,NaN,NaN,NaN,NaN,NaN,NaN,NaN,NaN
1,2393,95.72,0.98722,0.58116,0.91692,0.42554,0.9876,0.49733,0.95124,0.60293,0.86197,0.25056,0.91998,0.57338,0.94419,0.54787,0.91791,0.51951,0.90749,0.50376,0.7848,0.56774,0.77304,0.25915,NaN,NaN,NaN,NaN,NaN,NaN,NaN,NaN
1,2394,95.76,0.98713,0.58152,0.91639,0.42545,0.98739,0.49751,0.95067,0.60279,0.86155,0.25074,0.91929,0.57363,0.94368,0.54804,0.91758,0.51972,0.9069,0.50402,0.78464,0.56778,0.77281,0.25983,NaN,NaN,NaN,NaN,NaN,NaN,NaN,NaN
1,2395,95.8,0.98704,0.58193,0.91582,0.42531,0.98717,0.49768,0.94994,0.60265,0.8611,0.25093,0.9186,0.57393,0.94315,0.54821,0.91726,0.51991,0.90627,0.50428,0.78446,0.56781,0.77259,0.26046,NaN,NaN,NaN,NaN,NaN,NaN,NaN,NaN
1,2396,95.84,0.98689,0.5825,0.91523,0.42523,0.98696,0.49786,0.94918,0.60251,0.86063,0.25112,0.9179,0.57426,0.94263,0.54831,0.91691,0.5201,0.90563,0.50455,0.78427,0.56783,0.77234,0.26114,NaN,NaN,NaN,NaN,NaN,NaN,NaN,NaN
1,2397,95.88,0.98673,0.58312,0.91461,0.4251,0.98674,0.49803,0.94857,0.60213,0.86015,0.25131,0.9171,0.57436,0.9421,0.54838,0.91656,0.52026,0.90497,0.50478,0.78409,0.56786,0.77208,0.26181,NaN,NaN,NaN,NaN,NaN,NaN,NaN,NaN
1,2398,95.92,0.98658,0.58373,0.91397,0.42499,0.98653,0.49821,0.94783,0.60196,0.85965,0.25151,0.91628,0.57444,0.94151,0.5485,0.9162,0.52044,0.90431,0.50498,0.78388,0.56788,0.77181,0.2624,NaN,NaN,NaN,NaN,NaN,NaN,NaN,NaN
1,2399,95.96,0.98646,0.58435,0.91331,0.42488,0.98631,0.49838,0.94696,0.60183,0.85915,0.25171,0.91546,0.57449,0.94091,0.54863,0.91582,0.52062,0.90363,0.50518,0.78368,0.56781,0.77154,0.26298,NaN,NaN,NaN,NaN,NaN,NaN,NaN,NaN
1,2400,96,0.98636,0.58497,0.91263,0.42474,0.9861,0.49856,0.9459,0.60175,0.85862,0.25191,0.91465,0.57447,0.94031,0.5487,0.91541,0.52086,0.90291,0.50543,0.78347,0.56778,0.77127,0.26355,NaN,NaN,NaN,NaN,NaN,NaN,NaN,NaN
