,,,Home,,Home,,Home,,Home,,Home,,Home,,Home,,Home,,Home,,Home,,Home,,Home,,Home,,Home,,,
,,,11,,1,,2,,3,,4,,5,,6,,7,,8,,9,,10,,12,,13,,14,,,
Period,Frame,Time [s],Player11,,Player1,,Player2,,Player3,,Player4,,Player5,,Player6,,Player7,,Player8,,Player9,,Player10,,Player12,,Player13,,Player14,,Ball,
1,2250,90,0.26874,0.48488,0.87781,0.5714,0.89788,0.52524,0.9179,0.57814,0.63161,0.46714,0.71551,0.55057,0.82653,0.10636,0.76626,0.26049,0.92982,0.49145,0.91113,0.47907,0.89763,0.13287,NaN,NaN,NaN,NaN,NaN,NaN,0.89814,0.13259
1,2251,90.04,0.26874,0.48488,0.87842,0.57148,0.89834,0.52468,0.91798,0.57865,0.632,0.46756,0.71557,0.55016,0.82544,0.10728,0.76643,0.26065,0.92965,0.49101,0.91116,0.47883,0.8971,0.13316,NaN,NaN,NaN,NaN,NaN,NaN,0.89762,0.13287
1,2252,90.08,0.26874,0.48488,0.87913,0.57161,0.8989,0.52402,0.91807,0.57917,0.63238,0.46799,0.71564,0.54977,0.82435,0.10822,0.76659,0.26083,0.92944,0.49066,0.91123,0.47868,0.89654,0.13346,NaN,NaN,NaN,NaN,NaN,NaN,0.89709,0.13317
1,2253,90.12,0.26874,0.48488,0.87984,0.57171,0.89945,0.52338,0.9182,0.57972,0.63275,0.46843,0.71575,0.54937,0.82327,0.1091,0.76672,0.26108,0.92922,0.49033,0.9113,0.47854,0.89599,0.1337,NaN,NaN,NaN,NaN,NaN,NaN,0.89652,0.13346
1,2254,90.16,0.26874,0.48488,0.88057,0.57193,0.90012,0.52255,0.91831,0.58032,0.63311,0.46884,0.71588,0.54895,0.82222,0.10992,0.76683,0.26134,0.92895,0.49009,0.91137,0.47843,0.89547,0.13388,NaN,NaN,NaN,NaN,NaN,NaN,0.89598,0.1337
1,2255,90.2,0.26874,0.48488,0.88127,0.5722,0.90078,0.52173,0.91843,0.58095,0.63345,0.46926,0.71602,0.54855,0.82118,0.11067,0.76694,0.26154,0.92868,0.48987,0.91143,0.47837,0.89495,0.13409,NaN,NaN,NaN,NaN,NaN,NaN,0.89546,0.13389
1,2256,90.24,0.26874,0.48488,0.88198,0.57259,0.90152,0.52086,0.91856,0.58159,0.63379,0.46964,0.71618,0.54813,0.82014,0.11145,0.76703,0.26176,0.92835,0.48975,0.91149,0.47833,0.89444,0.13424,NaN,NaN,NaN,NaN,NaN,NaN,0.89494,0.1341
1,2257,90.28,0.26875,0.48488,0.8827,0.57289,0.90225,0.52,0.9187,0.58225,0.63411,0.47007,0.71638,0.5477,0.81912,0.11218,0.7671,0.26206,0.92803,0.48965,0.91153,0.47837,0.89391,0.13449,NaN,NaN,NaN,NaN,NaN,NaN,0.89443,0.13425
1,2258,90.32,0.26876,0.48488,0.88344,0.57332,0.90297,0.51915,0.91883,0.58296,0.63443,0.47048,0.71659,0.5473,0.81811,0.11285,0.76715,0.26244,0.92772,0.48951,0.91156,0.47846,0.89341,0.13461,NaN,NaN,NaN,NaN,NaN,NaN,0.8939,0.1345
1,2259,90.36,0.26877,0.48488,0.88414,0.5738,0.90368,0.51831,0.91892,0.58373,0.63474,0.47094,0.71682,0.54697,0.81711,0.11346,0.76717,0.26282,0.92738,0.48944,0.91161,0.47853,0.89287,0.13482,NaN,NaN,NaN,NaN,NaN,NaN,0.8934,0.13462
1,2260,90.4,0.26877,0.48488,0.88489,0.57437,0.90456,0.51737,0.91934,0.5841,0.63503,0.47142,0.71708,0.54663,0.81609,0.11417,0.76717,0.26329,0.92697,0.48946,0.91162,0.47866,0.89236,0.1349,NaN,NaN,NaN,NaN,NaN,NaN,0.89286,0.13482
1,2261,90.44,0.26877,0.48488,0.88562,0.57495,0.9052,0.51722,0.91975,0.58448,0.63531,0.47187,0.71737,0.54623,0.8151,0.11475,0.76715,0.26377,0.92658,0.48945,0.91165,0.47876,0.89183,0.13509,NaN,NaN,NaN,NaN,NaN,NaN,0.89235,0.13491
1,2262,90.48,0.26876,0.48488,0.88645,0.5755,0.90583,0.51709,0.92018,0.58484,0.63558,0.47237,0.71769,0.54587,0.81411,0.11527,0.76712,0.26427,0.92613,0.4896,0.91167,0.47876,0.89133,0.13514,NaN,NaN,NaN,NaN,NaN,NaN,0.89182,0.13509
1,2263,90.52,0.26875,0.48488,0.88724,0.5761,0.90645,0.51697,0.92054,0.58529,0.63583,0.47284,0.71803,0.5455,0.81312,0.11583,0.76709,0.2648,0.92569,0.48977,0.91171,0.47885,0.89086,0.13507,NaN,NaN,NaN,NaN,NaN,NaN,0.89132,0.13514
1,2264,90.56,0.26873,0.48488,0.88809,0.5767,0.90706,0.51686,0.92088,0.58578,0.63607,0.47333,0.71841,0.54512,0.81218,0.11626,0.76703,0.26534,0.92522,0.48995,0.91177,0.47881,0.89039,0.13503,NaN,NaN,NaN,NaN,NaN,NaN,0.89112,0.13831
1,2265,90.6,0.26871,0.48488,0.88901,0.57717,0.9076,0.51691,0.92116,0.58632,0.6363,0.47379,0.71881,0.54478,0.81121,0.11671,0.76696,0.26583,0.92474,0.49014,0.91182,0.47879,0.88994,0.13495,NaN,NaN,NaN,NaN,NaN,NaN,0.89217,0.15128
1,2266,90.64,0.2687,0.48488,0.89001,0.57765,0.90813,0.51697,0.92141,0.58691,0.63652,0.47422,0.71925,0.54439,0.81024,0.11711,0.7669,0.26636,0.92425,0.49035,0.91186,0.47878,0.88953,0.13474,NaN,NaN,NaN,NaN,NaN,NaN,0.89321,0.16425
1,2267,90.68,0.26868,0.48488,0.89099,0.57814,0.90863,0.51709,0.92163,0.58741,0.63673,0.47468,0.71973,0.544,0.80925,0.11761,0.7668,0.26696,0.92374,0.49058,0.91188,0.47878,0.8891,0.13464,NaN,NaN,NaN,NaN,NaN,NaN,0.89426,0.17722
1,2268,90.72,0.26866,0.48488,0.89206,0.57856,0.90914,0.51725,0.92183,0.58791,0.63692,0.47509,0.72022,0.5436,0.8083,0.118,0.7667,0.26759,0.92325,0.49072,0.9119,0.4787,0.88868,0.13449,NaN,NaN,NaN,NaN,NaN,NaN,0.8953,0.19018
1,2269,90.76,0.26865,0.48488,0.89313,0.57894,0.90967,0.51743,0.92198,0.58846,0.63707,0.47552,0.72076,0.54319,0.80735,0.11842,0.76659,0.26824,0.92273,0.49093,0.91191,0.47864,0.88828,0.1343,NaN,NaN,NaN,NaN,NaN,NaN,0.89635,0.20315
1,2270,90.8,0.26863,0.48488,0.89428,0.57921,0.9103,0.51759,0.9221,0.58902,0.63722,0.47588,0.72132,0.54278,0.8064,0.11878,0.76651,0.2688,0.92217,0.49114,0.91197,0.47836,0.88788,0.13415,NaN,NaN,NaN,NaN,NaN,NaN,0.8974,0.21612
1,2271,90.84,0.26862,0.48489,0.89545,0.57945,0.91095,0.51778,0.9222,0.58958,0.63738,0.47622,0.72192,0.54237,0.80545,0.11917,0.7664,0.26945,0.92162,0.49138,0.91209,0.47807,0.88753,0.13396,NaN,NaN,NaN,NaN,NaN,NaN,0.89844,0.22909
1,2272,90.88,0.26861,0.48489,0.89669,0.57966,0.91169,0.51793,0.92223,0.59019,0.63751,0.47657,0.72252,0.54203,0.8045,0.11952,0.76629,0.27012,0.92108,0.49143,0.9123,0.47768,0.88721,0.13366,NaN,NaN,NaN,NaN,NaN,NaN,0.89949,0.24206
1,2273,90.92,0.26861,0.48489,0.89799,0.57983,0.91243,0.51811,0.92223,0.59079,0.63762,0.4769,0.72316,0.54169,0.80356,0.1199,0.76619,0.27082,0.92054,0.49145,0.91254,0.47728,0.88689,0.13339,NaN,NaN,NaN,NaN,NaN,NaN,0.90053,0.25502
1,2274,90.96,0.26861,0.48489,0.89936,0.57992,0.91336,0.51809,0.92221,0.59135,0.63771,0.47724,0.72382,0.54138,0.80261,0.12022,0.76607,0.27162,0.91982,0.49168,0.91281,0.47675,0.88661,0.13308,NaN,NaN,NaN,NaN,NaN,NaN,0.90158,0.26799
1,2275,91,0.26861,0.48489,0.90068,0.5801,0.91431,0.51811,0.92217,0.59188,0.63779,0.47751,0.72453,0.54104,0.80166,0.1205,0.76595,0.27244,0.91908,0.49187,0.91313,0.47616,0.88634,0.13273,NaN,NaN,NaN,NaN,NaN,NaN,0.90262,0.28096
1,2276,91.04,0.26861,0.48489,0.90203,0.58021,0.91535,0.51794,0.9221,0.59242,0.63784,0.47779,0.72525,0.54072,0.8007,0.12089,0.76582,0.27328,0.91826,0.49205,0.91344,0.47559,0.88607,0.13241,NaN,NaN,NaN,NaN,NaN,NaN,0.90367,0.29393
1,2277,91.08,0.26861,0.48489,0.90338,0.58031,0.9164,0.51779,0.92201,0.59297,0.63788,0.47808,0.72601,0.54041,0.79975,0.12123,0.76568,0.27416,0.91738,0.49227,0.91373,0.47503,0.88587,0.13199,NaN,NaN,NaN,NaN,NaN,NaN,0.90472,0.3069
1,2278,91.12,0.26861,0.48489,0.90478,0.58031,0.91744,0.51766,0.92192,0.59344,0.6379,0.47836,0.72678,0.54012,0.79882,0.12152,0.76557,0.275,0.91647,0.4924,0.91406,0.47436,0.88571,0.13145,NaN,NaN,NaN,NaN,NaN,NaN,0.90576,0.31986
1,2279,91.16,0.26861,0.48489,0.9062,0.58039,0.91853,0.51747,0.92181,0.59393,0.63788,0.47864,0.72758,0.53979,0.79789,0.12178,0.76544,0.27586,0.91555,0.49249,0.91443,0.47366,0.88556,0.13095,NaN,NaN,NaN,NaN,NaN,NaN,0.90681,0.33283
1,2280,91.2,0.26861,0.48489,0.90767,0.58033,0.91956,0.51724,0.92167,0.59442,0.63785,0.47888,0.72839,0.53949,0.79696,0.12206,0.7653,0.27676,0.91447,0.49268,0.91477,0.47293,0.88543,0.13042,NaN,NaN,NaN,NaN,NaN,NaN,0.90785,0.3458
1,2281,91.24,0.26861,0.48489,0.90916,0.5803,0.92062,0.51693,0.92153,0.59484,0.63778,0.47914,0.72924,0.53919,0.79603,0.12238,0.76517,0.27768,0.91341,0.49285,0.91511,0.47221,0.88537,0.12977,NaN,NaN,NaN,NaN,NaN,NaN,0.9089,0.35877
1,2282,91.28,0.26861,0.48489,0.91069,0.58017,0.92161,0.51671,0.92136,0.59527,0.6377,0.47942,0.73011,0.53891,0.79515,0.12259,0.76505,0.27863,0.91224,0.49299,0.91543,0.47157,0.88533,0.12917,NaN,NaN,NaN,NaN,NaN,NaN,0.90994,0.37174
1,2283,91.32,0.26861,0.48489,0.91214,0.58003,0.92264,0.51643,0.92116,0.59566,0.6376,0.47967,0.731,0.53864,0.79427,0.12283,0.76493,0.27955,0.91114,0.49313,0.91574,0.4709,0.88529,0.1286,NaN,NaN,NaN,NaN,NaN,NaN,0.91099,0.3847
1,2284,91.36,0.26861,0.48489,0.91365,0.57974,0.92369,0.51608,0.92096,0.59602,0.63747,0.47993,0.73191,0.53835,0.79339,0.12311,0.76481,0.2805,0.90992,0.4933,0.91608,0.4702,0.8853,0.12792,NaN,NaN,NaN,NaN,NaN,NaN,0.91204,0.39767
1,2285,91.4,0.26861,0.48489,0.91514,0.57946,0.92474,0.5156,0.92071,0.59638,0.63732,0.48021,0.73286,0.53806,0.7925,0.12341,0.76469,0.28147,0.90877,0.4934,0.91641,0.46952,0.88532,0.12727,NaN,NaN,NaN,NaN,NaN,NaN,0.91308,0.41064
1,2286,91.44,0.26861,0.48489,0.91671,0.57915,0.92581,0.51509,0.92046,0.59666,0.63714,0.48049,0.73382,0.5378,0.79163,0.12367,0.76458,0.28248,0.90752,0.49349,0.91673,0.46891,0.88536,0.12658,NaN,NaN,NaN,NaN,NaN,NaN,0.91413,0.42361
1,2287,91.48,0.26861,0.48489,0.91817,0.57881,0.92681,0.51457,0.92018,0.59695,0.63694,0.48075,0.73478,0.53756,0.79077,0.12397,0.76445,0.28357,0.9063,0.49356,0.91703,0.46827,0.88542,0.12584,NaN,NaN,NaN,NaN,NaN,NaN,0.91517,0.43658
1,2288,91.52,0.26861,0.48489,0.91974,0.57845,0.92788,0.514,0.91987,0.5972,0.63671,0.48102,0.73577,0.53732,0.7899,0.12437,0.76433,0.28469,0.90525,0.49358,0.91736,0.46766,0.88549,0.12514,NaN,NaN,NaN,NaN,NaN,NaN,0.91622,0.44954
1,2289,91.56,0.26861,0.48489,0.92126,0.57802,0.92892,0.51339,0.91952,0.59741,0.63646,0.48125,0.73678,0.53711,0.78903,0.12481,0.76425,0.28573,0.90424,0.49353,0.91763,0.46705,0.88558,0.12439,NaN,NaN,NaN,NaN,NaN,NaN,0.91726,0.46251
1,2290,91.6,0.26861,0.48489,0.92286,0.57752,0.93007,0.51264,0.91913,0.59762,0.63617,0.48149,0.73779,0.53688,0.78819,0.12521,0.76415,0.28685,0.9032,0.49349,0.91803,0.46618,0.88566,0.12367,NaN,NaN,NaN,NaN,NaN,NaN,0.92061,0.46972
1,2291,91.64,0.26861,0.48489,0.92437,0.57694,0.93116,0.51193,0.9187,0.59782,0.63586,0.48175,0.7388,0.53667,0.78736,0.12564,0.76407,0.288,0.90212,0.49356,0.91837,0.46536,0.88576,0.12299,NaN,NaN,NaN,NaN,NaN,NaN,0.92518,0.47383
1,2292,91.68,0.26861,0.48489,0.92598,0.57624,0.93231,0.51111,0.91822,0.59798,0.63554,0.48198,0.73982,0.53645,0.78653,0.12611,0.76399,0.28911,0.901,0.49364,0.91882,0.46434,0.88587,0.12226,NaN,NaN,NaN,NaN,NaN,NaN,0.92976,0.47795
1,2293,91.72,0.26861,0.48489,0.9275,0.57556,0.93333,0.51041,0.91773,0.59806,0.63519,0.48217,0.74085,0.53625,0.78573,0.12654,0.7639,0.29025,0.8999,0.4937,0.91926,0.46333,0.88601,0.12149,NaN,NaN,NaN,NaN,NaN,NaN,0.93434,0.48206
1,2294,91.76,0.2686,0.48489,0.92912,0.57484,0.93439,0.50959,0.91718,0.59813,0.63482,0.48238,0.74189,0.53603,0.78495,0.12692,0.76383,0.29142,0.89879,0.49372,0.91977,0.46221,0.88618,0.12067,NaN,NaN,NaN,NaN,NaN,NaN,0.93892,0.48617
1,2295,91.8,0.26858,0.48489,0.93063,0.57414,0.93532,0.50893,0.91662,0.59812,0.6344,0.48259,0.74294,0.5358,0.78419,0.12726,0.76378,0.29257,0.89766,0.49376,0.92027,0.46111,0.88634,0.12005,NaN,NaN,NaN,NaN,NaN,NaN,0.9435,0.49028
1,2296,91.84,0.26856,0.48489,0.9322,0.57338,0.93622,0.50833,0.91601,0.59811,0.63397,0.48282,0.74398,0.53558,0.78344,0.12764,0.76374,0.29373,0.8965,0.4938,0.92085,0.45983,0.88653,0.11938,NaN,NaN,NaN,NaN,NaN,NaN,0.94808,0.49439
1,2297,91.88,0.26855,0.48489,0.93367,0.57259,0.93699,0.50786,0.91537,0.59801,0.63353,0.48297,0.74503,0.53535,0.78272,0.12806,0.7637,0.29493,0.89539,0.49373,0.92136,0.45848,0.88675,0.11876,NaN,NaN,NaN,NaN,NaN,NaN,0.95266,0.4985
1,2298,91.92,0.26853,0.48489,0.93518,0.57175,0.93775,0.50739,0.91468,0.59791,0.63307,0.48314,0.74606,0.53517,0.78199,0.12851,0.76368,0.29609,0.89425,0.49366,0.92197,0.45697,0.88701,0.11809,NaN,NaN,NaN,NaN,NaN,NaN,0.95723,0.50261
1,2299,91.96,0.26851,0.48489,0.93666,0.5708,0.93836,0.50714,0.91396,0.59776,0.63258,0.48332,0.74708,0.53501,0.78129,0.12891,0.76368,0.29722,0.89315,0.49348,0.92254,0.45545,0.88725,0.11754,NaN,NaN,NaN,NaN,NaN,NaN,0.96181,0.50673
1,2300,92,0.2685,0.48489,0.93818,0.56974,0.93897,0.50686,0.9132,0.59757,0.63207,0.48351,0.7481,0.53487,0.78061,0.12935,0.76369,0.29838,0.89204,0.4933,0.9232,0.45376,0.88754,0.11694,NaN,NaN,NaN,NaN,NaN,NaN,0.96639,0.51084
1,2301,92.04,0.26848,0.48489,0.93968,0.56859,0.93949,0.50666,0.91243,0.59734,0.63154,0.48371,0.7491,0.53478,0.77993,0.12982,0.76373,0.29952,0.89096,0.49301,0.92385,0.45209,0.88784,0.11646,NaN,NaN,NaN,NaN,NaN,NaN,0.97097,0.51495
1,2302,92.08,0.26847,0.48489,0.94113,0.56747,0.94001,0.50642,0.91161,0.59706,0.631,0.48383,0.75009,0.53475,0.77929,0.13025,0.76381,0.30056,0.88986,0.49273,0.92459,0.45024,0.88818,0.11593,NaN,NaN,NaN,NaN,NaN,NaN,0.97555,0.51906
1,2303,92.12,0.26845,0.48489,0.94254,0.56624,0.94053,0.5062,0.91077,0.59674,0.63044,0.48397,0.75108,0.53469,0.77869,0.13072,0.7639,0.30157,0.88874,0.49245,0.92534,0.44834,0.88853,0.11543,NaN,NaN,NaN,NaN,NaN,NaN,0.98013,0.52317
1,2304,92.16,0.26843,0.48489,0.94399,0.56495,0.94108,0.50585,0.90991,0.59638,0.62987,0.48407,0.75205,0.5346,0.77809,0.13121,0.76404,0.30255,0.88762,0.49208,0.92621,0.44622,0.88889,0.11504,NaN,NaN,NaN,NaN,NaN,NaN,0.9847,0.52728
1,2305,92.2,0.26842,0.48489,0.94539,0.56358,0.94144,0.50562,0.90874,0.59634,0.62929,0.48415,0.75301,0.53456,0.77755,0.13166,0.76421,0.30343,0.88656,0.49165,0.92712,0.44406,0.88929,0.11468,NaN,NaN,NaN,NaN,NaN,NaN,0.98928,0.5314
1,2306,92.24,0.2684,0.48489,0.94679,0.56217,0.94201,0.5046,0.90752,0.59629,0.62869,0.48418,0.75396,0.53457,0.77703,0.13214,0.76442,0.30428,0.88549,0.49118,0.92812,0.44171,0.88972,0.11426,NaN,NaN,NaN,NaN,NaN,NaN,0.99386,0.53551
1,2307,92.28,0.26839,0.48489,0.94808,0.56082,0.9428,0.50366,0.90628,0.5962,0.62808,0.48418,0.75488,0.53459,0.77654,0.13265,0.76464,0.30516,0.88448,0.49058,0.92912,0.43949,0.89016,0.11395,NaN,NaN,NaN,NaN,NaN,NaN,0.99844,0.53962
1,2308,92.32,0.26839,0.48489,0.94936,0.55935,0.94368,0.5026,0.90508,0.59601,0.62745,0.48413,0.75579,0.53464,0.77607,0.13318,0.76487,0.30598,0.88347,0.48995,0.93021,0.43701,0.89061,0.11374,NaN,NaN,NaN,NaN,NaN,NaN,1.00302,0.54373
1,2309,92.36,0.26839,0.48489,0.95056,0.55791,0.94468,0.50142,0.90389,0.59573,0.6268,0.48409,0.75667,0.5347,0.77564,0.13366,0.76514,0.30677,0.88252,0.48924,0.93127,0.4347,0.89108,0.11355,NaN,NaN,NaN,NaN,NaN,NaN,1.0076,0.54784
1,2310,92.4,0.26839,0.48487,0.95175,0.5564,0.94574,0.50004,0.90272,0.59538,0.62614,0.48405,0.75754,0.53472,0.77527,0.1341,0.76544,0.30752,0.88154,0.48854,0.9324,0.43223,0.89156,0.11345,NaN,NaN,NaN,NaN,NaN,NaN,NaN,NaN
1,2311,92.44,0.26837,0.48478,0.95284,0.55491,0.94665,0.4986,0.90157,0.59496,0.62546,0.48402,0.75839,0.53478,0.77493,0.13456,0.76576,0.30823,0.88063,0.48777,0.93353,0.42976,0.89205,0.11346,NaN,NaN,NaN,NaN,NaN,NaN,NaN,NaN
1,2312,92.48,0.26835,0.48467,0.95396,0.55326,0.94742,0.49709,0.90041,0.59449,0.62478,0.48399,0.75922,0.53483,0.77466,0.13497,0.76614,0.30883,0.87969,0.48699,0.93472,0.42718,0.89259,0.11341,NaN,NaN,NaN,NaN,NaN,NaN,NaN,NaN
1,2313,92.52,0.26833,0.48457,0.95497,0.55172,0.94771,0.49598,0.89927,0.59395,0.62408,0.48392,0.76003,0.53493,0.7744,0.1354,0.76652,0.30939,0.87879,0.48624,0.93589,0.42472,0.89315,0.11336,NaN,NaN,NaN,NaN,NaN,NaN,NaN,NaN
1,2314,92.56,0.2683,0.48446,0.956,0.54998,0.94774,0.49536,0.89817,0.59334,0.62339,0.48385,0.76084,0.53503,0.77419,0.13578,0.76695,0.3099,0.87788,0.48543,0.93706,0.42224,0.89372,0.11341,NaN,NaN,NaN,NaN,NaN,NaN,NaN,NaN
1,2315,92.6,0.26828,0.48436,0.95693,0.54838,0.94783,0.49458,0.89709,0.59265,0.62267,0.48378,0.76162,0.53517,0.77402,0.13617,0.76738,0.31042,0.87703,0.48455,0.93815,0.42002,0.89434,0.11348,NaN,NaN,NaN,NaN,NaN,NaN,NaN,NaN
1,2316,92.64,0.26824,0.48425,0.95785,0.54668,0.94811,0.49388,0.89607,0.59186,0.62193,0.4837,0.76237,0.53533,0.77389,0.13651,0.76785,0.31083,0.87617,0.48366,0.93924,0.41772,0.89496,0.11364,NaN,NaN,NaN,NaN,NaN,NaN,NaN,NaN
1,2317,92.68,0.26821,0.48414,0.95869,0.54503,0.94874,0.49265,0.8951,0.59095,0.6212,0.48363,0.76312,0.53546,0.77381,0.13686,0.76837,0.31114,0.87532,0.48289,0.94022,0.41555,0.8956,0.11389,NaN,NaN,NaN,NaN,NaN,NaN,NaN,NaN
1,2318,92.72,0.26817,0.48404,0.95954,0.54327,0.94936,0.49146,0.89416,0.59002,0.62046,0.48355,0.76383,0.53566,0.77378,0.13716,0.76889,0.31144,0.87445,0.48211,0.94109,0.41349,0.89628,0.11415,NaN,NaN,NaN,NaN,NaN,NaN,NaN,NaN
1,2319,92.76,0.26812,0.48393,0.96031,0.54162,0.95007,0.49012,0.89323,0.58909,0.61972,0.48343,0.76454,0.53585,0.7738,0.13747,0.76944,0.31164,0.87363,0.48141,0.94194,0.41154,0.89697,0.1145,NaN,NaN,NaN,NaN,NaN,NaN,NaN,NaN
1,2320,92.8,0.26807,0.48383,0.96107,0.53991,0.95064,0.4887,0.89233,0.58808,0.61898,0.48336,0.76521,0.53603,0.77387,0.13772,0.77003,0.31171,0.87279,0.4807,0.94285,0.40947,0.89772,0.11478,NaN,NaN,NaN,NaN,NaN,NaN,NaN,NaN
1,2321,92.84,0.26801,0.48372,0.9618,0.53828,0.95072,0.48772,0.89146,0.58703,0.61823,0.48323,0.76588,0.5362,0.77401,0.13792,0.77064,0.3118,0.87203,0.47997,0.94378,0.40735,0.89849,0.11515,NaN,NaN,NaN,NaN,NaN,NaN,NaN,NaN
1,2322,92.88,0.26795,0.48361,0.96256,0.53648,0.95053,0.48719,0.8906,0.58595,0.6175,0.48307,0.76653,0.5364,0.77419,0.13805,0.7713,0.31177,0.87129,0.47919,0.94475,0.40516,0.89925,0.11559,NaN,NaN,NaN,NaN,NaN,NaN,NaN,NaN
1,2323,92.92,0.26788,0.48351,0.96324,0.5348,0.94999,0.4874,0.88976,0.58486,0.61677,0.48286,0.76718,0.53655,0.77442,0.13827,0.77198,0.31168,0.87057,0.47852,0.94573,0.40302,0.90003,0.11611,NaN,NaN,NaN,NaN,NaN,NaN,NaN,NaN
1,2324,92.96,0.26779,0.4834,0.96393,0.53312,0.94974,0.48698,0.88895,0.5837,0.61603,0.48264,0.76781,0.53673,0.77467,0.13849,0.77271,0.31148,0.86986,0.4778,0.94671,0.40086,0.90089,0.11657,NaN,NaN,NaN,NaN,NaN,NaN,NaN,NaN
1,2325,93,0.26769,0.48332,0.96456,0.53159,0.94979,0.48601,0.88817,0.58245,0.61531,0.48238,0.76845,0.53682,0.77497,0.13872,0.77347,0.31121,0.86931,0.47694,0.94776,0.39865,0.90177,0.11702,NaN,NaN,NaN,NaN,NaN,NaN,NaN,NaN
1,2326,93.04,0.26759,0.4833,0.96516,0.52983,0.94999,0.48455,0.88738,0.58119,0.61459,0.48207,0.76908,0.53689,0.77534,0.13888,0.77425,0.31088,0.86876,0.47607,0.94885,0.39638,0.90269,0.11755,NaN,NaN,NaN,NaN,NaN,NaN,NaN,NaN
1,2327,93.08,0.26749,0.4833,0.96571,0.52819,0.95062,0.48163,0.88662,0.57988,0.61388,0.48171,0.76971,0.53691,0.77571,0.13911,0.77507,0.31049,0.86832,0.47518,0.94999,0.39391,0.90364,0.11808,NaN,NaN,NaN,NaN,NaN,NaN,NaN,NaN
1,2328,93.12,0.26737,0.4833,0.96625,0.52642,0.95156,0.47778,0.88591,0.57854,0.61317,0.4813,0.77032,0.5369,0.77613,0.13934,0.7759,0.31008,0.86789,0.47424,0.9512,0.39126,0.90463,0.11861,NaN,NaN,NaN,NaN,NaN,NaN,NaN,NaN
1,2329,93.16,0.26725,0.4833,0.96671,0.52481,0.95065,0.47675,0.88522,0.57711,0.61246,0.48088,0.77092,0.53693,0.77659,0.13957,0.77675,0.30961,0.86755,0.47328,0.95237,0.38862,0.90565,0.11913,NaN,NaN,NaN,NaN,NaN,NaN,NaN,NaN
1,2330,93.2,0.26711,0.4833,0.96718,0.52302,0.94975,0.47572,0.88459,0.5756,0.61178,0.48037,0.77151,0.5369,0.7771,0.13981,0.77765,0.30901,0.86724,0.47226,0.95362,0.38586,0.90672,0.11965,NaN,NaN,NaN,NaN,NaN,NaN,NaN,NaN
1,2331,93.24,0.26697,0.4833,0.96756,0.52127,0.94884,0.47469,0.88396,0.57408,0.61111,0.47986,0.7721,0.53685,0.77765,0.14004,0.77857,0.30834,0.86701,0.47127,0.95488,0.383,0.90782,0.12024,NaN,NaN,NaN,NaN,NaN,NaN,NaN,NaN
1,2332,93.28,0.26682,0.48331,0.96789,0.51948,0.94793,0.47366,0.88336,0.5725,0.61046,0.4793,0.77268,0.53673,0.77828,0.14021,0.77954,0.30755,0.86682,0.47017,0.95627,0.37997,0.90897,0.12075,NaN,NaN,NaN,NaN,NaN,NaN,NaN,NaN
1,2333,93.32,0.26666,0.48331,0.9681,0.51772,0.94701,0.47263,0.88282,0.57085,0.60982,0.47868,0.77325,0.53664,0.77896,0.1403,0.78051,0.30673,0.86643,0.46912,0.95764,0.3769,0.91014,0.12133,NaN,NaN,NaN,NaN,NaN,NaN,NaN,NaN
1,2334,93.36,0.26648,0.48331,0.96829,0.51581,0.9461,0.4716,0.88231,0.56914,0.60919,0.47806,0.77384,0.53646,0.77968,0.14045,0.78149,0.3059,0.86605,0.46806,0.9591,0.37362,0.91134,0.12198,NaN,NaN,NaN,NaN,NaN,NaN,NaN,NaN
1,2335,93.4,0.2663,0.48331,0.96838,0.51399,0.94641,0.46801,0.88184,0.56735,0.60858,0.47738,0.77443,0.53626,0.78044,0.14061,0.78251,0.30492,0.86569,0.46698,0.96041,0.37063,0.91259,0.12262,NaN,NaN,NaN,NaN,NaN,NaN,NaN,NaN
1,2336,93.44,0.26611,0.48331,0.96842,0.51208,0.94671,0.46524,0.88139,0.56554,0.60799,0.47666,0.77502,0.536,0.78124,0.14076,0.78357,0.30382,0.86536,0.46591,0.9618,0.36751,0.91386,0.12325,NaN,NaN,NaN,NaN,NaN,NaN,NaN,NaN
1,2337,93.48,0.26591,0.48331,0.96833,0.51029,0.94729,0.46192,0.88098,0.56368,0.60741,0.47588,0.77561,0.53567,0.7821,0.14083,0.78464,0.30269,0.86507,0.46478,0.96308,0.36461,0.91517,0.12387,NaN,NaN,NaN,NaN,NaN,NaN,NaN,NaN
1,2338,93.52,0.2657,0.48331,0.96827,0.50839,0.94774,0.45915,0.88059,0.56182,0.60687,0.4751,0.7762,0.53532,0.783,0.1409,0.78575,0.30149,0.86477,0.46367,0.96443,0.36152,0.91647,0.12455,NaN,NaN,NaN,NaN,NaN,NaN,NaN,NaN
1,2339,93.56,0.26549,0.48332,0.96809,0.50651,0.94827,0.45643,0.88025,0.5599,0.60634,0.47426,0.77679,0.53491,0.78393,0.14102,0.78691,0.30009,0.86449,0.46256,0.96571,0.35854,0.9178,0.12529,NaN,NaN,NaN,NaN,NaN,NaN,NaN,NaN
1,2340,93.6,0.26527,0.48332,0.96788,0.50454,0.94891,0.45333,0.87994,0.55793,0.60584,0.47338,0.77737,0.53448,0.78491,0.14114,0.78808,0.29866,0.86425,0.46139,0.96707,0.35542,0.91915,0.12592,NaN,NaN,NaN,NaN,NaN,NaN,NaN,NaN
1,2341,93.64,0.26505,0.48332,0.96761,0.50261,0.94953,0.45047,0.87966,0.55591,0.60538,0.47244,0.77798,0.53399,0.78591,0.14124,0.78927,0.29721,0.86404,0.46021,0.96833,0.35249,0.9205,0.1267,NaN,NaN,NaN,NaN,NaN,NaN,NaN,NaN
1,2342,93.68,0.26481,0.48332,0.96737,0.50063,0.95014,0.44775,0.8794,0.55392,0.60493,0.47149,0.77858,0.53343,0.78696,0.14133,0.79048,0.29567,0.86385,0.45902,0.96951,0.34975,0.92189,0.12737,NaN,NaN,NaN,NaN,NaN,NaN,NaN,NaN
1,2343,93.72,0.26457,0.48332,0.9671,0.49865,0.95084,0.44488,0.8792,0.55183,0.6045,0.47049,0.77919,0.53281,0.78804,0.14141,0.79174,0.29406,0.86369,0.45782,0.97061,0.34713,0.92329,0.1281,NaN,NaN,NaN,NaN,NaN,NaN,NaN,NaN
1,2344,93.76,0.26431,0.48333,0.96685,0.4966,0.95156,0.44211,0.87904,0.54973,0.6041,0.46947,0.77981,0.53212,0.78918,0.14148,0.793,0.29241,0.86357,0.45656,0.97172,0.34455,0.9247,0.12889,NaN,NaN,NaN,NaN,NaN,NaN,NaN,NaN
1,2345,93.8,0.26403,0.48333,0.96656,0.49462,0.95227,0.43941,0.87892,0.54763,0.60373,0.46841,0.78046,0.53138,0.79037,0.14154,0.79431,0.29061,0.86349,0.45529,0.97277,0.3421,0.92611,0.12973,NaN,NaN,NaN,NaN,NaN,NaN,NaN,NaN
1,2346,93.84,0.26375,0.48333,0.9663,0.49257,0.95299,0.43676,0.87887,0.54544,0.60341,0.4673,0.78113,0.53058,0.79163,0.1416,0.79564,0.28878,0.86344,0.45401,0.97387,0.33964,0.92755,0.13055,NaN,NaN,NaN,NaN,NaN,NaN,NaN,NaN
1,2347,93.88,0.26347,0.48333,0.96614,0.49041,0.95365,0.43394,0.87887,0.54323,0.60314,0.46615,0.78181,0.52967,0.79291,0.14172,0.79699,0.28693,0.86345,0.45269,0.97488,0.33738,0.92902,0.13136,NaN,NaN,NaN,NaN,NaN,NaN,NaN,NaN
1,2348,93.92,0.26318,0.48334,0.966,0.48819,0.95429,0.43105,0.87891,0.54103,0.6029,0.46494,0.78251,0.52875,0.79425,0.14185,0.79838,0.28499,0.86352,0.4513,0.97591,0.33509,0.93048,0.13231,NaN,NaN,NaN,NaN,NaN,NaN,NaN,NaN
1,2349,93.96,0.26287,0.48334,0.96585,0.48598,0.95498,0.42811,0.87901,0.53877,0.6027,0.46365,0.78322,0.52776,0.79564,0.14189,0.79977,0.28303,0.86359,0.45007,0.9769,0.33252,0.93202,0.1331,NaN,NaN,NaN,NaN,NaN,NaN,NaN,NaN
1,2350,94,0.26254,0.48336,0.96575,0.48366,0.95566,0.42537,0.87916,0.53646,0.60252,0.46237,0.78395,0.52667,0.79706,0.14194,0.8012,0.28099,0.86371,0.44873,0.97778,0.33013,0.93355,0.13395,NaN,NaN,NaN,NaN,NaN,NaN,NaN,NaN
1,2351,94.04,0.26222,0.48345,0.96567,0.48132,0.95642,0.42248,0.87938,0.53411,0.60239,0.46109,0.78471,0.52553,0.79851,0.14207,0.80263,0.27892,0.86386,0.44744,0.97853,0.32809,0.93512,0.1348,NaN,NaN,NaN,NaN,NaN,NaN,NaN,NaN
1,2352,94.08,0.26189,0.48356,0.96562,0.47891,0.9572,0.41955,0.87962,0.53179,0.60229,0.45979,0.78547,0.52433,0.80002,0.14206,0.8041,0.27679,0.86406,0.4461,0.97921,0.32619,0.9367,0.13565,NaN,NaN,NaN,NaN,NaN,NaN,NaN,NaN
1,2353,94.12,0.26154,0.48367,0.96562,0.47656,0.95793,0.41698,0.87988,0.52946,0.60224,0.45846,0.78626,0.52308,0.80157,0.14206,0.80558,0.27464,0.86427,0.44475,0.97986,0.3243,0.9383,0.13649,NaN,NaN,NaN,NaN,NaN,NaN,NaN,NaN
1,2354,94.16,0.26117,0.48378,0.96565,0.47412,0.95873,0.41429,0.88018,0.52717,0.60223,0.45711,0.78706,0.52177,0.80313,0.14215,0.80709,0.27243,0.86451,0.44346,0.98064,0.32212,0.93994,0.13734,NaN,NaN,NaN,NaN,NaN,NaN,NaN,NaN
1,2355,94.2,0.26079,0.48391,0.96574,0.47164,0.95962,0.41144,0.88051,0.52488,0.60227,0.4557,0.78787,0.5205,0.80471,0.14233,0.8086,0.2702,0.86479,0.44211,0.9816,0.31982,0.94154,0.13834,NaN,NaN,NaN,NaN,NaN,NaN,NaN,NaN
1,2356,94.24,0.26043,0.4841,0.96583,0.46913,0.96038,0.40902,0.8809,0.52253,0.60236,0.45422,0.78871,0.51914,0.80632,0.14246,0.81014,0.26797,0.86509,0.44076,0.98308,0.31674,0.94315,0.13935,NaN,NaN,NaN,NaN,NaN,NaN,NaN,NaN
1,2357,94.28,0.26005,0.48432,0.96593,0.46671,0.96112,0.40654,0.88133,0.52019,0.60248,0.45264,0.78955,0.51776,0.80798,0.14253,0.81168,0.26574,0.86543,0.43942,0.98453,0.31372,0.94478,0.14036,NaN,NaN,NaN,NaN,NaN,NaN,NaN,NaN
1,2358,94.32,0.25964,0.48454,0.96607,0.46423,0.96191,0.40408,0.88181,0.51784,0.60264,0.45109,0.79042,0.51634,0.80966,0.14263,0.81324,0.26351,0.86579,0.43808,0.98597,0.31069,0.94644,0.14139,NaN,NaN,NaN,NaN,NaN,NaN,NaN,NaN
1,2359,94.36,0.2592,0.48469,0.96622,0.4619,0.96254,0.4015,0.88233,0.51548,0.60284,0.44949,0.79129,0.51482,0.81134,0.14282,0.81481,0.26128,0.8662,0.43675,0.98746,0.30753,0.94812,0.14242,NaN,NaN,NaN,NaN,NaN,NaN,NaN,NaN
1,2360,94.4,0.25876,0.4848,0.96638,0.45949,0.96201,0.40163,0.88286,0.51317,0.60309,0.44789,0.79221,0.51321,0.81284,0.14293,0.81642,0.25894,0.86665,0.43542,0.98889,0.30449,0.94981,0.14347,NaN,NaN,NaN,NaN,NaN,NaN,NaN,NaN
1,2361,94.44,0.25833,0.48491,0.96659,0.45714,0.96148,0.40175,0.88344,0.51085,0.60339,0.44628,0.79314,0.51154,0.81438,0.14302,0.81802,0.25659,0.86713,0.43405,0.99024,0.30198,0.95151,0.14451,NaN,NaN,NaN,NaN,NaN,NaN,NaN,NaN
1,2362,94.48,0.25789,0.48502,0.96683,0.45471,0.96095,0.40187,0.88403,0.50857,0.60373,0.44463,0.79409,0.50987,0.81597,0.14319,0.81963,0.25432,0.86763,0.43273,0.99159,0.2995,0.9532,0.14556,NaN,NaN,NaN,NaN,NaN,NaN,NaN,NaN
1,2363,94.52,0.25744,0.48513,0.96704,0.45236,0.96042,0.40199,0.88467,0.50623,0.60411,0.44293,0.79505,0.5081,0.81755,0.14344,0.82127,0.25192,0.86816,0.43136,0.99259,0.29733,0.95487,0.14668,NaN,NaN,NaN,NaN,NaN,NaN,NaN,NaN
1,2364,94.56,0.25698,0.48524,0.96726,0.44993,0.95989,0.40212,0.88531,0.50387,0.60451,0.44122,0.79603,0.50628,0.81916,0.14371,0.82291,0.24946,0.8687,0.43004,0.99339,0.2958,0.95651,0.14788,NaN,NaN,NaN,NaN,NaN,NaN,NaN,NaN
1,2365,94.6,0.25652,0.48535,0.96753,0.44743,0.95935,0.40224,0.88597,0.50149,0.60493,0.43946,0.79697,0.50448,0.8208,0.14402,0.82451,0.24714,0.86923,0.42871,0.99398,0.2947,0.9581,0.14914,NaN,NaN,NaN,NaN,NaN,NaN,NaN,NaN
1,2366,94.64,0.25604,0.48546,0.96779,0.44489,0.95882,0.40236,0.88665,0.49909,0.60538,0.4377,0.79793,0.50258,0.82248,0.14437,0.82611,0.24468,0.86977,0.42737,0.99408,0.29503,0.9597,0.15032,NaN,NaN,NaN,NaN,NaN,NaN,NaN,NaN
1,2367,94.68,0.25555,0.48557,0.96803,0.44243,0.95829,0.40248,0.88733,0.49672,0.60584,0.43596,0.79888,0.50061,0.82421,0.14467,0.82771,0.24222,0.87032,0.42607,0.99343,0.29714,0.96128,0.15157,NaN,NaN,NaN,NaN,NaN,NaN,NaN,NaN
1,2368,94.72,0.25503,0.48568,0.96828,0.43987,0.95776,0.40261,0.88802,0.49431,0.60632,0.43426,0.79984,0.49861,0.82595,0.14502,0.8293,0.23974,0.87088,0.42475,0.99416,0.29712,0.96281,0.15286,NaN,NaN,NaN,NaN,NaN,NaN,NaN,NaN
1,2369,94.76,0.25452,0.48579,0.96854,0.43722,0.95723,0.40273,0.88869,0.49192,0.60683,0.43253,0.8008,0.49659,0.82775,0.14532,0.83086,0.23731,0.87145,0.42342,0.99523,0.29688,0.96428,0.15427,NaN,NaN,NaN,NaN,NaN,NaN,NaN,NaN
1,2370,94.8,0.25401,0.4859,0.96881,0.43452,0.9567,0.40285,0.88937,0.48954,0.60737,0.43076,0.80175,0.49459,0.82966,0.14542,0.83243,0.23487,0.87201,0.42211,0.99554,0.29698,0.96568,0.15588,NaN,NaN,NaN,NaN,NaN,NaN,NaN,NaN
1,2371,94.84,0.2535,0.48601,0.96912,0.43199,0.95617,0.40297,0.89008,0.48713,0.60793,0.42901,0.80269,0.4926,0.83158,0.14572,0.83401,0.23241,0.87261,0.42078,0.99308,0.30832,0.9669,0.15789,NaN,NaN,NaN,NaN,NaN,NaN,NaN,NaN
1,2372,94.88,0.25298,0.48612,0.96946,0.42936,0.95564,0.4031,0.89079,0.48468,0.60853,0.42727,0.80364,0.49063,0.8336,0.14595,0.83558,0.23,0.8732,0.41948,0.99066,0.31946,0.96786,0.1605,NaN,NaN,NaN,NaN,NaN,NaN,NaN,NaN
1,2373,94.92,0.25245,0.48623,0.96983,0.42677,0.95511,0.40322,0.89152,0.4822,0.60916,0.42554,0.80458,0.48866,0.83577,0.14609,0.83715,0.22755,0.87381,0.41821,0.98828,0.33041,0.96942,0.16177,NaN,NaN,NaN,NaN,NaN,NaN,NaN,NaN
1,2374,94.96,0.25193,0.48634,0.97022,0.42413,0.95458,0.40334,0.89224,0.47973,0.60983,0.4238,0.80552,0.48672,0.83805,0.14631,0.83874,0.22508,0.87442,0.41696,0.98594,0.34118,0.97095,0.16316,NaN,NaN,NaN,NaN,NaN,NaN,NaN,NaN
1,2375,95,0.2514,0.48645,0.97063,0.42159,0.95405,0.40346,0.89294,0.47731,0.61051,0.42211,0.80646,0.48477,0.84027,0.14654,0.8403,0.22278,0.87504,0.41573,0.98364,0.35176,0.97249,0.16473,NaN,NaN,NaN,NaN,NaN,NaN,NaN,NaN
1,2376,95.04,0.25087,0.48656,0.97103,0.41906,0.95352,0.40359,0.89366,0.47486,0.61122,0.4204,0.80739,0.48284,0.84252,0.14648,0.84187,0.22045,0.87567,0.41447,0.98138,0.36217,0.97402,0.16628,NaN,NaN,NaN,NaN,NaN,NaN,NaN,NaN
1,2377,95.08,0.25033,0.48663,0.97151,0.41646,0.95299,0.40371,0.89439,0.47243,0.61197,0.41868,0.80837,0.48089,0.84473,0.1466,0.84344,0.21816,0.8763,0.41329,0.98272,0.35972,0.97558,0.16794,NaN,NaN,NaN,NaN,NaN,NaN,NaN,NaN
1,2378,95.12,0.24976,0.48664,0.972,0.41381,0.95246,0.40383,0.89512,0.47,0.61273,0.41704,0.80933,0.47893,0.84692,0.14686,0.84503,0.21583,0.87696,0.41209,0.98391,0.3578,0.97716,0.16973,NaN,NaN,NaN,NaN,NaN,NaN,NaN,NaN
1,2379,95.16,0.24921,0.4867,0.97254,0.41122,0.95193,0.40395,0.89585,0.46759,0.61352,0.41539,0.81028,0.47703,0.84916,0.14729,0.84665,0.21354,0.87763,0.41091,0.98505,0.3559,0.97878,0.17155,NaN,NaN,NaN,NaN,NaN,NaN,NaN,NaN
1,2380,95.2,0.24867,0.48681,0.97307,0.40862,0.9514,0.40408,0.89659,0.46523,0.61434,0.41371,0.81124,0.4751,0.85171,0.14669,0.84825,0.21136,0.87831,0.40969,0.98614,0.35363,0.98034,0.17364,NaN,NaN,NaN,NaN,NaN,NaN,NaN,NaN
1,2381,95.24,0.24812,0.48692,0.97368,0.40603,0.95087,0.4042,0.89735,0.46285,0.61519,0.41206,0.81222,0.47317,0.85345,0.14782,0.84987,0.2092,0.87901,0.40845,0.987,0.35132,0.98194,0.17567,NaN,NaN,NaN,NaN,NaN,NaN,NaN,NaN
1,2382,95.28,0.24757,0.48703,0.97429,0.40338,0.95034,0.40432,0.89814,0.46043,0.61607,0.41043,0.81319,0.47131,0.85297,0.14827,0.85149,0.20708,0.87973,0.40723,0.98761,0.34868,0.98341,0.17787,NaN,NaN,NaN,NaN,NaN,NaN,NaN,NaN
1,2383,95.32,0.24702,0.48715,0.97491,0.40077,0.94981,0.40444,0.89894,0.45797,0.61697,0.40881,0.81418,0.4694,0.85249,0.14872,0.8531,0.20498,0.88047,0.40598,0.98815,0.34576,0.98482,0.18011,NaN,NaN,NaN,NaN,NaN,NaN,NaN,NaN
1,2384,95.36,0.24647,0.48726,0.97555,0.39811,0.94928,0.40457,0.89976,0.45552,0.61789,0.40721,0.81518,0.46751,0.85201,0.14918,0.85471,0.20305,0.88121,0.40475,0.98857,0.34308,0.98604,0.1827,NaN,NaN,NaN,NaN,NaN,NaN,NaN,NaN
1,2385,95.4,0.24592,0.48737,0.97622,0.3955,0.94875,0.40469,0.90054,0.45318,0.61885,0.40568,0.81619,0.46558,0.85153,0.14963,0.85632,0.20116,0.88194,0.40353,0.98891,0.34036,0.98711,0.18555,NaN,NaN,NaN,NaN,NaN,NaN,NaN,NaN
1,2386,95.44,0.24537,0.48748,0.97691,0.39278,0.94823,0.40481,0.90136,0.45082,0.61983,0.40416,0.81721,0.46366,0.85105,0.15008,0.85795,0.19922,0.8827,0.40228,0.98906,0.33755,0.98809,0.18832,NaN,NaN,NaN,NaN,NaN,NaN,NaN,NaN
1,2387,95.48,0.24481,0.48759,0.97756,0.39007,0.9477,0.40493,0.9022,0.44841,0.62083,0.40266,0.81823,0.46179,0.85057,0.15053,0.85955,0.19744,0.88345,0.40111,0.98982,0.33503,0.989,0.19098,NaN,NaN,NaN,NaN,NaN,NaN,NaN,NaN
1,2388,95.52,0.24425,0.4877,0.97823,0.38733,0.94717,0.40505,0.90302,0.44607,0.62184,0.40116,0.81925,0.45994,0.85009,0.15098,0.86114,0.19568,0.88422,0.3999,0.99044,0.33252,0.98953,0.19393,NaN,NaN,NaN,NaN,NaN,NaN,NaN,NaN
1,2389,95.56,0.24369,0.48781,0.97888,0.3846,0.94664,0.40518,0.90385,0.44369,0.62289,0.39962,0.82028,0.45809,0.84961,0.15143,0.86273,0.19395,0.88498,0.39876,0.99093,0.32962,0.98959,0.19738,NaN,NaN,NaN,NaN,NaN,NaN,NaN,NaN
1,2390,95.6,0.24313,0.48792,0.97951,0.38188,0.94611,0.4053,0.90468,0.44126,0.62396,0.39808,0.82129,0.45624,0.84913,0.15188,0.86428,0.19237,0.88574,0.39759,0.99122,0.32668,0.98917,0.20138,NaN,NaN,NaN,NaN,NaN,NaN,NaN,NaN
1,2391,95.64,0.24254,0.48803,0.98013,0.37912,0.94558,0.40542,0.90548,0.43889,0.62504,0.39655,0.82231,0.45441,0.84865,0.15233,0.8658,0.19089,0.8865,0.39643,0.9913,0.32374,0.98837,0.20566,NaN,NaN,NaN,NaN,NaN,NaN,NaN,NaN
1,2392,95.68,0.24195,0.48814,0.98075,0.37632,0.94506,0.40554,0.90627,0.43652,0.62613,0.39506,0.82332,0.45262,0.84817,0.15278,0.86732,0.1895,0.88723,0.39529,0.99147,0.32034,0.98674,0.21224,NaN,NaN,NaN,NaN,NaN,NaN,NaN,NaN
1,2393,95.72,0.24136,0.48825,0.98137,0.37349,0.94453,0.40566,0.90706,0.43412,0.62723,0.39367,0.82434,0.45084,0.84769,0.15323,0.86883,0.18813,0.88797,0.39416,0.99141,0.31787,0.98332,0.22331,NaN,NaN,NaN,NaN,NaN,NaN,NaN,NaN
1,2394,95.76,0.24077,0.48836,0.98196,0.37066,0.944,0.40579,0.90784,0.43178,0.62833,0.39232,0.82535,0.44911,0.84721,0.15368,0.87032,0.18685,0.88873,0.39293,0.99137,0.31489,0.97503,0.24623,NaN,NaN,NaN,NaN,NaN,NaN,NaN,NaN
1,2395,95.8,0.24018,0.48845,0.9825,0.36791,0.94347,0.40591,0.90857,0.42949,0.62945,0.39095,0.82635,0.44744,0.84673,0.15413,0.87177,0.18571,0.88945,0.39183,0.99115,0.31171,0.97646,0.25991,NaN,NaN,NaN,NaN,NaN,NaN,NaN,NaN
1,2396,95.84,0.23957,0.48848,0.98303,0.36517,0.94294,0.40603,0.9093,0.42721,0.63059,0.38962,0.82737,0.44573,0.84626,0.15458,0.87323,0.18453,0.89017,0.39068,0.99041,0.30789,0.97785,0.27332,NaN,NaN,NaN,NaN,NaN,NaN,NaN,NaN
1,2397,95.88,0.23895,0.48848,0.98355,0.36239,0.94242,0.40615,0.91004,0.4249,0.63174,0.38826,0.8284,0.44402,0.84578,0.15502,0.87468,0.18341,0.89089,0.38954,0.9896,0.31483,0.97922,0.28647,NaN,NaN,NaN,NaN,NaN,NaN,NaN,NaN
1,2398,95.92,0.23834,0.48849,0.98408,0.35958,0.94189,0.40627,0.9108,0.42255,0.63291,0.38693,0.82943,0.44232,0.8453,0.15547,0.87613,0.18239,0.89161,0.38847,0.9888,0.32171,0.98056,0.29936,NaN,NaN,NaN,NaN,NaN,NaN,NaN,NaN
1,2399,95.96,0.23773,0.48849,0.98458,0.35679,0.94136,0.40639,0.91155,0.42016,0.6341,0.38557,0.83048,0.44062,0.84482,0.15592,0.87757,0.18143,0.89233,0.38736,0.98801,0.32851,0.98188,0.31199,NaN,NaN,NaN,NaN,NaN,NaN,NaN,NaN
1,2400,96,0.23713,0.4885,0.98503,0.35407,0.94083,0.40652,0.91229,0.41783,0.63528,0.38432,0.83153,0.43887,0.84435,0.15637,0.87896,0.18062,0.89305,0.38626,0.98722,0.33523,0.98317,0.32439,NaN,NaN,NaN,NaN,NaN,NaN,NaN,NaN
