event_id,index,match_id,frame_start,frame_end,frame_physical_start,time_start,time_end,minute_start,second_start,duration,period,attacking_side_id,attacking_side,event_type_id,event_type,event_subtype_id,event_subtype,player_id,player_name,player_position_id,player_position,player_in_possession_id,player_in_possession_name,player_in_possession_position_id,player_in_possession_position,team_id,team_shortname,x_start,y_start,channel_id_start,channel_start,third_id_start,third_start,penalty_area_start,x_end,y_end,channel_id_end,channel_end,third_id_end,third_end,penalty_area_end,associated_player_possession_event_id,associated_player_possession_frame_start,associated_player_possession_frame_end,associated_player_possession_end_type_id,associated_player_possession_end_type,associated_off_ball_run_event_id,associated_off_ball_run_subtype_id,associated_off_ball_run_subtype,game_state_id,game_state,team_score,opponent_team_score,phase_index,player_possession_phase_index,first_player_possession_in_team_possession,last_player_possession_in_team_possession,lead_to_different_phase,issued_from_different_phase,n_player_possessions_in_phase,team_possession_loss_in_phase,team_in_possession_phase_type_id,team_in_possession_phase_type,team_out_of_possession_phase_type_id,team_out_of_possession_phase_type,current_team_in_possession_next_phase_type_id,current_team_in_possession_next_phase_type,current_team_out_of_possession_next_phase_type_id,current_team_out_of_possession_next_phase_type,current_team_in_possession_previous_phase_type_id,current_team_in_possession_previous_phase_type,current_team_out_of_possession_previous_phase_type_id,current_team_out_of_possession_previous_phase_type,game_interruption_before_id,game_interruption_before,game_interruption_after_id,game_interruption_after,start_type_id,start_type,end_type_id,end_type,pass_angle_received,pass_direction_received_id,pass_direction_received,pass_distance_received,pass_range_received_id,pass_range_received,pass_outcome_id,pass_outcome,targeted_passing_option_event_id,high_pass,lead_to_shot,lead_to_goal,targeted,received,received_in_space,possession_danger,beaten_by_possession,beaten_by_movement,stop_possession_danger,reduce_possession_danger,force_backward,distance_covered,trajectory_angle,trajectory_direction_id,trajectory_direction,in_to_out,out_to_in,speed_avg,speed_avg_band_id,speed_avg_band,location_to_player_in_possession_id_start,location_to_player_in_possession_start,location_to_player_in_possession_id_end,location_to_player_in_possession_end,distance_to_player_in_possession_start,distance_to_player_in_possession_end,player_in_possession_x_start,player_in_possession_y_start,player_in_possession_channel_id_start,player_in_possession_channel_start,player_in_possession_third_id_start,player_in_possession_third_start,player_in_possession_penalty_area_start,player_in_possession_x_end,player_in_possession_y_end,player_in_possession_channel_id_end,player_in_possession_channel_end,player_in_possession_third_id_end,player_in_possession_third_end,player_in_possession_penalty_area_end,passing_option_at_player_possession_start,xloss_player_possession_start,xloss_player_possession_end,xloss_player_possession_max,xshot_player_possession_start,xshot_player_possession_end,xshot_player_possession_max,reception_difficulty_start,reception_difficulty_start_id,time_to_impact_start,time_to_impact_start_id,space_constraint_start,space_constraint_start_id,passing_option_ease_start,passing_option_ease_start_id,overall_pressure_start,overall_pressure_start_id,time_to_impact_end,time_to_impact_end_id,passing_option_ease_end,passing_option_ease_end_id,overall_pressure_end,overall_pressure_end_id,player_targeted_id,player_targeted_name,player_targeted_position_id,player_targeted_position,player_targeted_x_pass,player_targeted_y_pass,player_targeted_channel_pass_id,player_targeted_channel_pass,player_targeted_third_pass_id,player_targeted_third_pass,player_targeted_penalty_area_pass,player_targeted_x_reception,player_targeted_y_reception,player_targeted_channel_reception_id,player_targeted_channel_reception,player_targeted_third_reception_id,player_targeted_third_reception,player_targeted_penalty_area_reception,player_targeted_distance_to_goal_start,player_targeted_distance_to_goal_end,player_targeted_angle_to_goal_start,player_targeted_angle_to_goal_end,player_targeted_average_speed,player_targeted_speed_avg_band_id,player_targeted_speed_avg_band,speed_difference,player_targeted_xpass_completion,player_targeted_difficult_pass_target,player_targeted_xthreat,player_targeted_dangerous,interplayer_distance,interplayer_distance_range_id,interplayer_distance_range,interplayer_distance_start,interplayer_distance_end,interplayer_distance_min,interplayer_distance_start_physical,close_at_player_possession_start,interplayer_angle,interplayer_direction_id,interplayer_direction,angle_of_engagement,goal_side_start,goal_side_end,last_defensive_line_x_start,last_defensive_line_x_end,delta_to_last_defensive_line_start,delta_to_last_defensive_line_end,delta_to_last_defensive_line_gain,last_defensive_line_height_start,last_defensive_line_height_end,last_defensive_line_height_gain,inside_defensive_shape_start,inside_defensive_shape_end,n_teammates_ahead_end,n_teammates_ahead_start,n_player_targeted_opponents_ahead_start,n_player_targeted_opponents_ahead_end,n_player_targeted_teammates_ahead_start,n_player_targeted_teammates_ahead_end,n_player_targeted_teammates_within_5m_start,n_player_targeted_teammates_within_5m_end,n_player_targeted_opponents_within_5m_start,n_player_targeted_opponents_within_5m_end,separation_start,separation_end,separation_gain,pass_distance,pass_range_id,pass_range,pass_angle,pass_direction_id,pass_direction,pass_ahead,passing_option_at_pass_moment,dangerous,difficult_pass_target,xthreat,xpass_completion,passing_option_score,predicted_passing_option,peak_passing_option_frame,n_simultaneous_passing_options,organised_defense,defensive_structure,n_defensive_lines,first_line_break,first_line_break_type_id,first_line_break_type,second_last_line_break,second_last_line_break_type_id,second_last_line_break_type,last_line_break,last_line_break_type_id,last_line_break_type,furthest_line_break_id,furthest_line_break,furthest_line_break_type_id,furthest_line_break_type,n_opponents_ahead_player_in_possession_pass_moment,n_opponents_ahead_pass_reception,n_opponents_bypassed,one_touch,quick_pass,carry,forward_momentum,is_header,hand_pass,initiate_give_and_go,n_passing_options,n_off_ball_runs,n_passing_options_line_break,n_passing_options_first_line_break,n_passing_options_second_last_line_break,n_passing_options_last_line_break,n_passing_options_ahead,n_passing_options_dangerous_difficult,n_passing_options_dangerous_not_difficult,n_passing_options_not_dangerous_not_difficult,n_passing_options_not_dangerous_difficult,n_passing_options_at_start,n_passing_options_at_end,n_passing_options_ahead_at_start,n_passing_options_ahead_at_end,n_simultaneous_runs,give_and_go,intended_run_behind,push_defensive_line,break_defensive_line,passing_option_at_start,n_opponents_ahead_end,n_opponents_ahead_start,n_opponents_overtaken,affected_line_breaking_passing_option_id,affected_line_break_id,affected_line_break,affected_line_breaking_passing_option_attempted,affected_line_breaking_passing_option_xthreat,affected_line_breaking_passing_option_dangerous,affected_line_breaking_passing_option_run_subtype_id,affected_line_breaking_passing_option_run_subtype,pressing_chain,pressing_chain_length,pressing_chain_end_type_id,pressing_chain_end_type,pressing_chain_index,index_in_pressing_chain,simultaneous_defensive_engagement_same_target,simultaneous_defensive_engagement_same_target_rank,consecutive_on_ball_engagements,is_player_possession_start_matched,is_player_possession_end_matched,is_previous_pass_matched,is_pass_reception_matched,fully_extrapolated,possession_epv_for_start,possession_epv_for_end,possession_epv_against_start,possession_epv_against_end,pass_reception_epv_for,pass_reception_epv_against,possession_epv_total,pass_epv_total,possession_epv_delta_for,possession_epv_delta_against,pass_epv_delta_for,pass_epv_delta_against
8_0,0,1874553,29,29,,00:01.9,00:01.9,0,1,0.0,1,1,left_to_right,8,player_possession,,,50973,J. Caletti,11,RDM,,,,,1802,Brisbane FC,0.3,0.23,3,center,2,middle_third,False,0.3,0.23,3,center,2,middle_third,False,,,,,,,,,3,drawing,0,0,0,1,True,False,False,True,3,False,1,create,9,medium_block,2,finish,8,low_block,,,,,,,,,13,unknown,1,pass,,,,,,,1,successful,,,False,False,,,,,,,,,,0.0,96.01,3,sideway_left,,,1.42,1,jogging,,,,,,,,,,,,,,,,,,,,,,,,,,,,,,,,,,,,,,,,,,,,51050,B. Warland,4,LCB,-18.98,1.05,3,center,1,defensive_third,False,-19.16,3.18,3,center,1,defensive_third,False,,,,,,,,,,,,,,,,,,,,,,,,,,,19.61,19.61,19.31,19.31,0.0,32.89,32.89,0.0,True,True,3,3,,,,,,,,,8.03,8.03,0.0,19.68,2,medium,171.38,2,backward,,,,,,,,,,,,,,,,,,,,,,,,,,,,,,True,False,False,False,False,False,False,0,0,0,0,0,0,0,0,0,0,0,,,,,,,,,,,8,8,0,,,,,,,,,,,,,,,,,,True,True,,True,False,,,,,,,,,,,,
1_0,1,1874553,32,54,,00:02.2,00:04.4,0,2,2.2,1,1,left_to_right,1,off_ball_run,8,run_ahead_of_the_ball,560986,K. Jelacic,17,RW,51050,B. Warland,4,LCB,1802,Brisbane FC,1.65,-28.38,5,wide_right,2,middle_third,False,13.85,-29.26,5,wide_right,2,middle_third,False,8_1,42,,,,,,,3,drawing,0,0,0,,,,,,,,1,create,9,medium_block,,,,,,,,,,,,,,,,,,,,,,,,,,,False,False,False,False,,,,,,,,12.24,-4.13,1,forward,False,False,20.48,3,hsr,3,ahead,3,ahead,36.1,48.63,-18.98,1.25,3,center,1,defensive_third,False,-18.64,6.92,3,center,1,defensive_third,False,True,,,,,,,,,,,,,,,,,,,,,,,,,,,,,,,,,,,,,,,,,,,,,,,,,,,,,,,,,,,,,,,,,,,19.46,18.71,17.81,4.86,-12.95,33.04,33.79,0.75,False,False,,,,,,,,,,,13.0,11.93,-1.07,,,,,,,,,False,True,0.0039,0.4743,0.8239,True,,,,,,,,,,,,,,,,,,,,,,,,,,,,,,,,,,,,,,,,,,,,0,False,,,,True,4,8,4,,,,,,,,,,,,,,,,,,True,True,,,,,,,,,,,,,,,
8_1,2,1874553,42,60,,00:03.2,00:05.0,0,3,1.8,1,1,left_to_right,8,player_possession,,,51050,B. Warland,4,LCB,,,,,1802,Brisbane FC,-19.16,3.18,3,center,1,defensive_third,False,-17.99,9.05,3,center,1,defensive_third,False,,,,,,,,,3,drawing,0,0,0,2,False,False,True,False,3,False,1,create,9,medium_block,2,finish,8,low_block,,,,,,,,,1,pass_reception,1,pass,171.38,2,backward,19.68,2,medium,1,successful,7_3,True,False,False,,,,,,,,,,6.07,78.73,3,sideway_left,False,False,12.12,1,jogging,,,,,,,,,,,,,,,,,,,,,,,,,,,,easy,2,very_easy,1,very_easy,1,very_easy,1,no_pressure,1,very_easy,1,easy,2,no_pressure,1,50966,B. Halloran,16,LW,10.07,17.59,2,half_space_left,2,middle_third,False,14.53,28.06,1,wide_left,2,middle_third,False,,,,,,,,,0.4922,True,0.0058,False,29.33,2,medium,,,,,,16.93,1,forward,,,,18.94,18.67,38.1,36.66,-1.44,33.56,33.83,0.27,False,False,8,8,,,,,,,,,15.63,6.3,-9.33,37.67,3,long,30.31,1,forward,True,,,,,,,,,,True,442,3,True,,,True,,,False,,,2,second_last,2,around,10,2,8,False,False,True,False,False,False,False,4,1,2,0,2,0,4,0,0,2,2,2,2,2,4,,,,,,,10,10,0,,,,,,,,,,,,,,,,,,True,True,True,True,False,,,,,0.0247,0.0158,,,,,,
7_0,3,1874553,42,45,,00:03.2,00:03.5,0,3,0.3,1,1,left_to_right,7,passing_option,,,287934,Walid Shour,9,LDM,51050,B. Warland,4,LCB,1802,Brisbane FC,-9.28,3.33,3,center,2,middle_third,False,-9.96,2.47,3,center,2,middle_third,False,8_1,42,,,,,,,3,drawing,0,0,0,,,,,,,,1,create,9,medium_block,,,,,,,,,,,,,,,,,,,,,,,,,,,False,False,False,False,,,,,,,,1.34,-128.61,4,sideway_right,False,False,12.27,1,jogging,3,ahead,3,ahead,9.88,9.41,-19.16,3.18,3,center,1,defensive_third,False,-19.24,4.04,3,center,1,defensive_third,False,True,,,,,,,,,,,,,,,,,,,,,,,,,,,,,,,,,,,,,,,,,,,,,,,,,,,,,9.7,1,short,,,,,,-2.42,1,forward,,,,18.94,18.77,28.22,28.73,0.51,33.56,33.73,0.17,False,False,,,,,,,,,,,7.09,7.0,-0.08,,,,,,,True,False,False,False,0.0007,0.9852,0.7069,True,43,2,True,442,3,False,,,False,,,False,,,,,,,10,10,0,,,,,,,,,,,,,,,,,,,,,,,,,,,,,,,,,,,,,,,,,,,,,,,,,True,True,,,False,,,,,,,,,,,,
7_1,4,1874553,42,54,,00:03.2,00:04.4,0,3,1.2,1,1,left_to_right,7,passing_option,,,560986,K. Jelacic,17,RW,51050,B. Warland,4,LCB,1802,Brisbane FC,7.17,-28.61,5,wide_right,2,middle_third,False,13.85,-29.26,5,wide_right,2,middle_third,False,8_1,42,,,,1_0,8,run_ahead_of_the_ball,3,drawing,0,0,0,,,,,,,,1,create,9,medium_block,,,,,,,,,,,,,,,,,,,,,,,,,,,False,False,False,False,,,,,,,,6.72,-5.56,1,forward,False,False,21.27,3,hsr,3,ahead,3,ahead,41.28,48.63,-19.16,3.18,3,center,1,defensive_third,False,-18.64,6.92,3,center,1,defensive_third,False,True,,,,,,,,,,,,,,,,,,,,,,,,,,,,,,,,,,,,,,,,,,,,,,,,,,,,,42.6,3,long,,,,,,-49.54,4,sideway_right,,,,18.94,18.71,11.77,4.86,-6.91,33.56,33.79,0.23,False,False,,,,,,,,,,,12.1,11.93,-0.17,,,,,,,True,False,False,True,0.0039,0.4743,0.8239,True,44,3,True,442,3,True,2,around,True,2,around,False,,,2,second_last,2,around,10,4,6,,,,,,,,,,,,,,,,,,,,,,,,,,,,,,,,,,,,,,,,,,,,,,,,,True,True,,,False,,,,,,,,,,,,
7_2,5,1874553,48,60,,00:03.8,00:05.0,0,3,1.2,1,1,left_to_right,7,passing_option,,,50994,C. Brown,2,LB,51050,B. Warland,4,LCB,1802,Brisbane FC,-1.27,24.1,1,wide_left,2,middle_third,False,-1.71,27.15,1,wide_left,2,middle_third,False,8_1,42,,,,,,,3,drawing,0,0,0,,,,,,,,1,create,9,medium_block,,,,,,,,,,,,,,,,,,,,,,,,,,,False,False,False,False,,,,,,,,3.09,98.21,3,sideway_left,False,False,,,,3,ahead,3,ahead,26.24,24.34,-19.22,4.96,3,center,1,defensive_third,False,-17.99,9.05,3,center,1,defensive_third,False,False,,,,,,,,,,,,,,,,,,,,,,,,,,,,,,,,,,,,,,,,,,,,,,,,,,,,,24.72,2,medium,,,,,,47.82,3,sideway_left,,,,18.65,18.67,19.92,20.38,0.46,33.85,33.83,-0.02,False,False,,,,,,,,,,,9.5,8.18,-1.32,,,,,,,True,True,False,False,0.0008,0.92,0.8836,True,57,3,True,442,3,False,,,False,,,False,,,,,,,10,8,2,,,,,,,,,,,,,,,,,,,,,,,,,,,,,,,,,,,,,,,,,,,,,,,,,True,True,,,True,,,,,,,,,,,,
9_0,6,1874553,53,60,41,00:03.1,00:05.0,0,3,1.9,1,2,right_to_left,9,on_ball_engagement,12,pressure,50959,S. Mauk,15,AM,51050,B. Warland,4,LCB,866,Adelaide United,9.32,-8.23,3,center,2,middle_third,False,11.8,-10.21,4,half_space_right,2,middle_third,False,8_1,42,60,1,pass,,,,3,drawing,0,0,0,,,,,,,False,1,create,9,medium_block,,,,,,,,,,,,,,,,,,,,,,,,,,,False,False,,,,False,False,False,False,False,False,8.93,-38.6,1,forward,,,17.63,2,running,,,,,,,,,,,,,,,,,,,,,,0.018,0.018,0.018,0.0,0.0,0.0,,,,,,,,,,,,,,,,,51050,B. Warland,4,LCB,,,,,,,,,,,,,,,71.58,71.07,174.73,172.68,12.0,1,jogging,5.63,,,,,,,,9.6,6.3,6.3,16.58,False,,,,88.98,True,True,-18.72,-18.67,28.04,30.47,2.43,33.78,33.83,0.05,,,1,1,10,10,8,8,0,0,0,0,,,,,,,,,,,,,,,,,,,,,,,,,,,,,,,,,,,,,,,,,,,,,,,,,,,,,,,,,,,,,,,,,,,,,,,,,,,,,,False,,,,,,False,,False,True,True,True,True,,,,,,,,,,,,,
7_3,7,1874553,58,60,,00:04.8,00:05.0,0,4,0.2,1,1,left_to_right,7,passing_option,,,50966,B. Halloran,16,LW,51050,B. Warland,4,LCB,1802,Brisbane FC,9.54,17.32,2,half_space_left,2,middle_third,False,10.07,17.59,2,half_space_left,2,middle_third,False,8_1,42,,,,,,,3,drawing,0,0,0,,,,,,,,1,create,9,medium_block,,,,,,,,,,,,,,,,,,,,,,,,,,True,False,False,True,True,True,,,,,,,1.17,22.02,1,forward,False,False,10.64,1,jogging,3,ahead,3,ahead,29.1,29.33,-18.13,8.31,3,center,1,defensive_third,False,-17.99,9.05,3,center,1,defensive_third,False,False,,,,,,,,,,,,,,,,,,,,,,,,,,,,,,,,,,,,,,,,,,,,,,,,,,,,,29.33,2,medium,,,,,,16.93,1,forward,,,,18.66,18.67,9.12,8.6,-0.52,33.84,33.83,-0.01,True,True,,,,,,,,,,,7.01,3.86,-3.15,37.67,3,long,30.31,1,forward,True,False,False,True,0.0058,0.4922,0.1296,False,60,2,True,442,3,True,2,around,True,2,around,False,,,2,second_last,2,around,10,2,8,,,,,,,,,,,,,,,,,,,,,,,,,,,,,,,,,,,,,,,,,,,,,,,,,True,True,,True,False,,,,,,,,,,,,
1_1,8,1874553,88,157,,00:07.8,00:14.7,0,7,6.9,1,1,left_to_right,1,off_ball_run,3,cross_receiver,560986,K. Jelacic,17,RW,50966,B. Halloran,16,LW,1802,Brisbane FC,14.63,-25.98,5,wide_right,2,middle_third,False,36.16,-9.13,3,center,3,attacking_third,True,8_2,102,,,,,,,3,drawing,0,0,1,,,,,,,,2,finish,8,low_block,,,,,,,,,,,,,,,,,,,,,,,,,,,True,False,False,False,,,,,,,,37.6,38.05,1,forward,False,True,20.78,3,hsr,3,ahead,1,behind,50.53,37.1,10.16,24.35,1,wide_left,2,middle_third,False,47.74,26.12,1,wide_left,3,attacking_third,False,False,,,,,,,,,,,,,,,,,,,,,,,,,,,,,,,,,,,,,,,,,,,,,,,,,,,,,,,,,,,,,,,,,,,15.85,48.62,1.22,12.46,11.24,36.65,3.88,-32.77,False,False,,,,,,,,,,,14.22,8.25,-5.97,,,,,,,,,True,True,0.0343,0.456,0.6086,True,,,,,,,,,,,,,,,,,,,,,,,,,,,,,,,,,,,,,,,,,,,,1,False,,,,False,4,3,-1,,,,,,,,,,,,,,,,,,True,True,,,,,,,,,,,,,,,
8_2,9,1874553,102,147,,00:09.2,00:13.7,0,9,4.5,1,1,left_to_right,8,player_possession,,,50966,B. Halloran,16,LW,,,,,1802,Brisbane FC,14.53,28.06,1,wide_left,2,middle_third,False,44.15,28.08,1,wide_left,3,attacking_third,False,,,,,,,,,3,drawing,0,0,1,1,False,False,False,True,2,True,2,finish,8,low_block,5,chaotic,5,chaotic,1,create,9,medium_block,,,,,1,pass_reception,1,pass,30.31,1,forward,37.67,3,long,1,successful,7_4,False,True,False,,,,,,,,,,30.52,0.04,1,forward,False,False,24.92,3,hsr,,,,,,,,,,,,,,,,,,,,,,,,,,,,hard,4,medium,3,medium,3,hard,4,high_pressure,4,very_hard,5,very_hard,5,very_high_pressure,5,795537,T. Waddingham,19,CF,37.43,-2.11,3,center,3,attacking_third,True,41.37,-0.56,3,center,3,attacking_third,True,,,,,,,,,0.2559,True,0.0714,True,30.93,3,long,,,,,,-102.55,4,sideway_right,,,,18.48,43.81,3.95,-0.34,-4.29,34.02,8.69,-25.33,False,False,0,1,,,,,,,,,3.86,1.09,-2.78,28.77,2,medium,-95.54,4,sideway_right,False,,,,,,,,,,False,,,,,,,,,,,,,,,,0,4,-4,False,False,True,False,False,False,False,2,2,0,0,0,0,0,2,0,0,0,0,2,0,0,,,,,,,0,2,2,,,,,,,,,,,,,,,,,,True,True,True,True,False,0.0247,0.0687,0.0158,0.0138,0.1114,0.0122,0.0459,0.0443,0.0439,-0.002,0.0428,-0.0015
1_2,10,1874553,108,153,,00:09.8,00:14.3,0,9,4.5,1,1,left_to_right,1,off_ball_run,3,cross_receiver,795537,T. Waddingham,19,CF,50966,B. Halloran,16,LW,1802,Brisbane FC,16.68,0.89,3,center,2,middle_third,False,40.27,-1.74,3,center,3,attacking_third,True,8_2,102,,,,,,,3,drawing,0,0,1,,,,,,,,2,finish,8,low_block,,,,,,,,,,,,,,,,,,,,,,,,,,,True,False,True,True,False,,,,,,,23.66,-6.36,1,forward,False,False,19.15,2,running,2,same_line,1,behind,29.11,29.14,17.64,29.98,1,wide_left,3,attacking_third,False,46.77,26.67,1,wide_left,3,attacking_third,False,False,,,,,,,,,,,,,,,,,,,,,,,,,,,,,,,,,,,,,,,,,,,,,,,,,,,,,,,,,,,,,,,,,,,21.52,46.98,4.84,6.71,1.87,30.98,5.52,-25.46,True,True,,,,,,,,,,,4.77,1.67,-3.1,,,,,,,,,True,True,0.0714,0.2559,0.8119,True,,,,,,,,,,,,,,,,,,,,,,,,,,,,,,,,,,,,,,,,,,,,1,False,,,,False,4,2,-2,,,,,,,,,,,,,,,,,,True,True,,True,,,,,,,,,,,,,
9_1,11,1874553,114,147,100,00:09.0,00:13.7,0,9,4.7,1,2,right_to_left,9,on_ball_engagement,14,recovery_press,51005,D. Pierias,8,RB,50966,B. Halloran,16,LW,866,Adelaide United,-18.36,-30.7,5,wide_right,1,defensive_third,False,-43.59,-27.15,5,wide_right,1,defensive_third,False,8_2,102,147,1,pass,,,,3,drawing,0,0,1,,,,,,,True,2,finish,8,low_block,,,,,,,,,,,,,,,,,,,,,,,,,,,True,False,,,,True,True,False,False,False,False,33.7,171.99,2,backward,,,26.25,4,sprinting,,,,,,,,,,,,,,,,,,,,,,0.413,0.408,0.441,0.027,0.005,0.029,,,,,,,,,,,,,,,,,50966,B. Halloran,16,LW,,,,,,,,,,,,,,,44.09,29.3,134.84,106.56,24.71,3,hsr,1.54,,,,,,,,3.1,1.09,1.01,3.8,False,,,,-13.6,False,True,-25.11,-43.81,6.75,0.22,-6.53,27.39,8.69,-18.7,,,8,7,1,0,0,0,0,0,1,1,,,,,,,,,,,,,,,,,,,,,,,,,,,,,,,,,,,,,,,,,,,,,,,,,,,,,,,,,,,,,,,,,,,,,,,,,,,,,,False,,,,,,False,,False,True,True,True,True,,,,,,,,,,,,,
7_4,12,1874553,120,147,,00:11.0,00:13.7,0,11,2.7,1,1,left_to_right,7,passing_option,,,795537,T. Waddingham,19,CF,50966,B. Halloran,16,LW,1802,Brisbane FC,22.73,1.02,3,center,3,attacking_third,False,37.43,-2.11,3,center,3,attacking_third,True,8_2,102,,,,1_2,3,cross_receiver,3,drawing,0,0,1,,,,,,,,2,finish,8,low_block,,,,,,,,,,,,,,,,,,,,,,,,,,False,True,False,True,True,False,,,,,,,14.54,-12.02,1,forward,False,False,20.1,3,hsr,2,same_line,1,behind,31.13,30.93,25.59,32.02,1,wide_left,3,attacking_third,False,44.15,28.08,1,wide_left,3,attacking_third,False,False,,,,,,,,,,,,,,,,,,,,,,,,,,,,,,,,,,,,,,,,,,,,,,,,,,,,,30.93,3,long,,,,,,-102.55,4,sideway_right,,,,28.86,43.81,6.13,6.38,0.25,23.64,8.69,-14.95,True,True,,,,,,,,,,,4.83,1.67,-3.15,28.77,2,medium,-95.54,4,sideway_right,False,True,True,True,0.0714,0.2559,0.8119,True,147,1,False,,,,,,,,,,,,,,,,0,4,-4,,,,,,,,,,,,,,,,,,,,,,,,,,,,,,,,,,,,,,,,,,,,,,,,,True,True,,True,False,,,,,,,,,,,,
7_5,13,1874553,138,147,,00:12.8,00:13.7,0,12,0.9,1,1,left_to_right,7,passing_option,,,560986,K. Jelacic,17,RW,50966,B. Halloran,16,LW,1802,Brisbane FC,26.57,-12.89,4,half_space_right,3,attacking_third,False,31.62,-11.54,4,half_space_right,3,attacking_third,False,8_2,102,,,,1_1,3,cross_receiver,3,drawing,0,0,1,,,,,,,,2,finish,8,low_block,,,,,,,,,,,,,,,,,,,,,,,,,,,True,False,False,False,,,,,,,,4.65,14.97,1,forward,False,False,20.89,3,hsr,1,behind,1,behind,44.92,41.55,38.1,30.53,1,wide_left,3,attacking_third,False,44.15,28.08,1,wide_left,3,attacking_third,False,False,,,,,,,,,,,,,,,,,,,,,,,,,,,,,,,,,,,,,,,,,,,,,,,,,,,,,43.88,3,long,,,,,,-105.76,4,sideway_right,,,,39.25,43.81,12.68,12.19,-0.49,13.25,8.69,-4.56,False,False,,,,,,,,,,,8.91,8.61,-0.3,,,,,,,False,True,True,True,0.0343,0.456,0.6086,True,141,1,False,,,,,,,,,,,,,,,,1,4,-3,,,,,,,,,,,,,,,,,,,,,,,,,,,,,,,,,,,,,,,,,,,,,,,,,True,True,,,False,,,,,,,,,,,,
9_2,14,1874553,149,179,149,00:13.9,00:16.9,0,13,3.0,1,2,right_to_left,9,on_ball_engagement,15,other,23925,R. Kitto,2,LB,795537,T. Waddingham,19,CF,866,Adelaide United,-39.1,5.55,3,center,1,defensive_third,True,-41.28,0.84,3,center,1,defensive_third,True,8_3,162,179,2,shot,,,,3,drawing,0,0,1,,,,,,,True,2,finish,8,low_block,,,,,,,,,,,,,,,8,indirect_regain,,,,,,,,,,,True,False,,,,True,False,False,False,False,False,7.07,-114.84,4,sideway_right,,,8.57,1,jogging,,,,,,,,,,,,,,,,,,,,,,0.189,0.186,0.244,0.184,0.043,0.329,,,,,,,,,,,,,,,,,795537,T. Waddingham,19,CF,,,,,,,,,,,,,,,14.18,13.36,-171.65,171.09,8.71,1,jogging,-0.14,,,,,,,,3.55,3.52,1.67,3.55,False,,,,13.34,False,True,-44.82,-47.97,5.72,6.69,0.97,7.68,4.53,-3.15,,,7,6,4,5,1,2,0,0,1,4,,,,,,,,,,,,,,,,,,,,,,,,,,,,,,,,,,,,,,,,,,,,,,,,,,,,,,,,,,,,,,,,,,,,,,,,,,,,,,False,,,,,,True,1,False,True,True,True,,,,,,,,,,,,,,
9_5,15,1874553,157,179,157,00:14.7,00:16.9,0,14,2.2,1,2,right_to_left,9,on_ball_engagement,15,other,809759,P. Kikianis,4,LCB,795537,T. Waddingham,19,CF,866,Adelaide United,-43.97,-2.74,3,center,1,defensive_third,True,-41.08,-1.93,3,center,1,defensive_third,True,8_3,162,179,2,shot,,,,3,drawing,0,0,1,,,,,,,True,2,finish,8,low_block,,,,,,,,,,,,,,,8,indirect_regain,,,,,,,,,,,True,False,,,,True,False,False,False,False,False,3.26,15.66,1,forward,,,5.2,1,jogging,,,,,,,,,,,,,,,,,,,,,,0.189,0.186,0.244,0.184,0.043,0.329,,,,,,,,,,,,,,,,,795537,T. Waddingham,19,CF,,,,,,,,,,,,,,,11.24,13.36,-173.51,171.09,6.82,1,jogging,-1.62,,,,,,,,4.8,1.79,1.59,4.8,False,,,,-172.9,True,True,-48.62,-47.97,4.65,6.89,2.24,3.88,4.53,0.65,,,6,7,4,5,1,2,0,0,2,4,,,,,,,,,,,,,,,,,,,,,,,,,,,,,,,,,,,,,,,,,,,,,,,,,,,,,,,,,,,,,,,,,,,,,,,,,,,,,,False,,,,,,True,2,False,True,True,True,,,,,,,,,,,,,,
8_3,16,1874553,162,179,,00:15.2,00:16.9,0,15,1.7,1,1,left_to_right,8,player_possession,,,795537,T. Waddingham,19,CF,,,,,1802,Brisbane FC,41.37,-0.56,3,center,3,attacking_third,True,39.3,2.07,3,center,3,attacking_third,True,,,,,,,,,3,drawing,0,0,1,2,False,True,True,False,2,True,2,finish,8,low_block,5,chaotic,5,chaotic,1,create,9,medium_block,,,,,1,pass_reception,2,shot,-95.54,4,sideway_right,28.77,2,medium,,,,,True,False,,,,,,,,,,3.17,128.21,3,sideway_left,False,False,7.1,1,jogging,,,,,,,,,,,,,,,,,,,,,,,,,,,,medium,3,very_hard,5,medium,3,hard,4,very_high_pressure,5,very_hard,5,medium,3,very_high_pressure,5,,,,,,,,,,,,,,,,,,,,,,,,,,,,,,,,,,,,,,,,,,,,,49.74,47.97,8.37,8.67,0.3,2.76,4.53,1.77,True,True,2,1,,,,,,,,,1.67,1.79,0.11,,,,,,,,,,,,,,,,,,,,,,,,,,,,,,,,,,,,False,False,True,False,False,False,False,0,0,0,0,0,0,0,0,0,0,0,0,0,0,0,,,,,,,5,4,-1,,,,,,,,,,,,,,,,,,True,True,True,,False,0.1114,0.0704,0.0122,0.0138,,,-0.0425,,-0.041,0.0015,,
9_3,17,1874553,169,179,149,00:13.9,00:16.9,0,13,3.0,1,2,right_to_left,9,on_ball_engagement,14,recovery_press,50949,J. Barnett,11,RDM,795537,T. Waddingham,19,CF,866,Adelaide United,-39.24,-9.93,4,half_space_right,1,defensive_third,True,-39.86,-6.61,3,center,1,defensive_third,True,8_3,162,179,2,shot,,,,3,drawing,0,0,1,,,,,,,True,2,finish,8,low_block,,,,,,,,,,,,,,,8,indirect_regain,,,,,,,,,,,True,False,,,,True,False,False,False,False,False,14.25,100.58,3,sideway_left,,,17.02,2,running,,,,,,,,,,,,,,,,,,,,,,0.189,0.186,0.244,0.184,0.043,0.329,,,,,,,,,,,,,,,,,795537,T. Waddingham,19,CF,,,,,,,,,,,,,,,12.11,13.36,176.97,171.09,8.71,1,jogging,8.31,,,,,,,,9.36,4.57,4.57,20.3,False,,,,161.87,False,False,-49.75,-47.97,10.51,8.11,-2.4,2.75,4.53,1.78,,,5,5,4,5,1,2,0,0,2,4,,,,,,,,,,,,,,,,,,,,,,,,,,,,,,,,,,,,,,,,,,,,,,,,,,,,,,,,,,,,,,,,,,,,,,,,,,,,,,False,,,,,,True,3,False,True,True,True,,,,,,,,,,,,,,
9_4,18,1874553,171,179,149,00:13.9,00:16.9,0,13,3.0,1,2,right_to_left,9,on_ball_engagement,14,recovery_press,560893,E. Alagich,9,LDM,795537,T. Waddingham,19,CF,866,Adelaide United,-33.78,-5.85,3,center,1,defensive_third,False,-36.27,-3.86,3,center,1,defensive_third,True,8_3,162,179,2,shot,,,,3,drawing,0,0,1,,,,,,,True,2,finish,8,low_block,,,,,,,,,,,,,,,7,direct_regain,,,,,,,,,,,True,False,,,,True,False,False,False,False,False,14.09,141.37,2,backward,,,16.84,2,running,,,,,,,,,,,,,,,,,,,,,,0.189,0.186,0.244,0.184,0.043,0.329,,,,,,,,,,,,,,,,,795537,T. Waddingham,19,CF,,,,,,,,,,,,,,,12.33,13.36,175.49,171.09,8.71,1,jogging,8.13,,,,,,,,8.07,3.52,3.52,18.83,False,,,,-155.86,False,False,-49.53,-47.97,15.75,11.7,-4.05,2.97,4.53,1.56,,,4,4,4,5,1,2,0,0,2,4,,,,,,,,,,,,,,,,,,,,,,,,,,,,,,,,,,,,,,,,,,,,,,,,,,,,,,,,,,,,,,,,,,,,,,,,,,,,,,False,,,,,,True,4,False,True,True,True,,,,,,,,,,,,,,
9_6,19,1874553,180,192,180,00:17.0,00:18.2,0,17,1.2,1,1,left_to_right,9,on_ball_engagement,12,pressure,50973,J. Caletti,11,RDM,560893,E. Alagich,9,LDM,1802,Brisbane FC,29.27,1.73,3,center,3,attacking_third,False,33.05,-2.36,3,center,3,attacking_third,False,8_4,182,192,1,pass,,,,3,drawing,0,0,2,,,,,,,True,5,chaotic,5,chaotic,,,,,,,,,,,,,,,8,indirect_regain,,,,,,,,,,,False,False,,,,False,False,False,False,False,False,5.69,-47.26,4,sideway_right,,,17.11,2,running,,,,,,,,,,,,,,,,,,,,,,0.253,0.236,0.287,0.0,0.0,0.0,,,,,,,,,,,,,,,,,560893,E. Alagich,9,LDM,,,,,,,,,,,,,,,88.99,90.06,-177.67,-179.9,10.86,1,jogging,6.25,,,,,,,,7.4,5.17,5.16,7.4,False,,,,33.31,True,True,1.97,4.11,27.3,28.94,1.64,54.47,56.61,2.14,,,3,4,7,8,4,4,2,3,1,1,,,,,,,,,,,,,,,,,,,,,,,,,,,,,,,,,,,,,,,,,,,,,,,,,,,,,,,,,,,,,,,,,,,,,,,,,,,,,,False,,,,,,True,2,False,True,True,True,,,,,,,,,,,,,,
9_7,20,1874553,180,192,180,00:17.0,00:18.2,0,17,1.2,1,1,left_to_right,9,on_ball_engagement,14,recovery_press,795537,T. Waddingham,19,CF,560893,E. Alagich,9,LDM,1802,Brisbane FC,39.13,2.18,3,center,3,attacking_third,False,36.12,1.92,3,center,3,attacking_third,False,8_4,182,192,1,pass,,,,3,drawing,0,0,2,,,,,,,True,5,chaotic,5,chaotic,,,,,,,,,,,,,,,8,indirect_regain,,,,,,,,,,,False,False,,,,False,False,False,False,False,False,3.22,-175.06,2,backward,,,9.62,1,jogging,,,,,,,,,,,,,,,,,,,,,,0.253,0.236,0.287,0.0,0.0,0.0,,,,,,,,,,,,,,,,,560893,E. Alagich,9,LDM,,,,,,,,,,,,,,,88.99,90.06,-177.67,-179.9,10.86,1,jogging,-1.24,,,,,,,,3.07,2.27,0.96,3.07,False,,,,-147.91,False,True,1.97,4.11,37.16,32.01,-5.15,54.47,56.61,2.14,,,2,2,7,8,4,4,2,3,1,1,,,,,,,,,,,,,,,,,,,,,,,,,,,,,,,,,,,,,,,,,,,,,,,,,,,,,,,,,,,,,,,,,,,,,,,,,,,,,,False,,,,,,True,1,False,True,True,True,,,,,,,,,,,,,,
8_4,21,1874553,182,192,,00:17.2,00:18.2,0,17,1.0,1,2,right_to_left,8,player_possession,,,560893,E. Alagich,9,LDM,,,,,866,Adelaide United,-36.64,-3.12,3,center,1,defensive_third,False,-37.56,-0.16,3,center,1,defensive_third,False,,,,,,,,,3,drawing,0,0,2,1,True,True,True,True,1,True,5,chaotic,5,chaotic,5,chaotic,5,chaotic,8,low_block,2,finish,,,,,4,recovery,1,pass,,,,,,,2,unsuccessful,7_7,,False,False,,,,,,,,,,3.1,107.27,3,sideway_left,False,False,11.03,1,jogging,,,,,,,,,,,,,,,,,,,,,,,,,,,,easy,2,hard,4,hard,4,medium,3,high_pressure,4,hard,4,hard,4,high_pressure,4,808608,A. Ayoubi,16,LW,-31.41,9.67,2,half_space_left,1,defensive_third,False,,,,,,,,,,,,,,,,0.7679,False,0.0006,False,11.6,1,short,,,,,,57.97,3,sideway_left,,,,-2.44,-4.11,34.2,33.45,-0.75,54.94,56.61,1.67,True,True,4,4,,,,,,,,,2.22,2.27,0.05,,,,,,,True,,,,,,,,,,False,,,,,,,,,,,,,,,,8,5,3,False,True,True,False,False,False,False,3,0,0,0,0,0,2,0,0,2,1,3,3,2,2,,,,,,,8,7,-1,,,,,,,,,,,,,,,,,,True,True,True,,False,0.017,0.0179,0.0229,0.0212,,,0.0025,,0.0009,-0.0016,,
7_6,22,1874553,182,192,,00:17.2,00:18.2,0,17,1.0,1,2,right_to_left,7,passing_option,,,23925,R. Kitto,2,LB,560893,E. Alagich,9,LDM,866,Adelaide United,-41.02,1.01,3,center,1,defensive_third,False,-40.04,2.99,3,center,1,defensive_third,False,8_4,182,,,,,,,3,drawing,0,0,2,,,,,,,,5,chaotic,5,chaotic,,,,,,,,,,,,,,,,,,,,,,,,,,,False,False,False,False,,,,,,,,2.25,63.67,3,sideway_left,False,False,8.02,1,jogging,1,behind,2,same_line,6.02,4.01,-36.64,-3.12,3,center,1,defensive_third,False,-37.56,-0.16,3,center,1,defensive_third,False,True,,,,,,,,,,,,,,,,,,,,,,,,,,,,,,,,,,,,,,,,,,,,,,,,,,,,,4.25,1,short,,,,,,131.38,3,sideway_left,,,,-2.44,-4.11,38.58,35.93,-2.65,54.94,56.61,1.67,False,False,,,,,,,,,,,4.07,4.34,0.26,,,,,,,False,True,False,False,0.0003,0.9252,0.7805,True,190,2,False,,,,,,,,,,,,,,,,8,9,-1,,,,,,,,,,,,,,,,,,,,,,,,,,,,,,,,,,,,,,,,,,,,,,,,,True,True,,,False,,,,,,,,,,,,
7_7,23,1874553,182,192,,00:17.2,00:18.2,0,17,1.0,1,2,right_to_left,7,passing_option,,,808608,A. Ayoubi,16,LW,560893,E. Alagich,9,LDM,866,Adelaide United,-31.14,8.46,3,center,1,defensive_third,False,-31.41,9.67,2,half_space_left,1,defensive_third,False,8_4,182,,,,,,,3,drawing,0,0,2,,,,,,,,5,chaotic,5,chaotic,,,,,,,,,,,,,,,,,,,,,,,,,,,False,False,True,False,,,,,,,,1.64,102.58,3,sideway_left,True,False,6.18,1,jogging,3,ahead,3,ahead,12.82,11.6,-36.64,-3.12,3,center,1,defensive_third,False,-37.56,-0.16,3,center,1,defensive_third,False,False,,,,,,,,,,,,,,,,,,,,,,,,,,,,,,,,,,,,,,,,,,,,,,,,,,,,,11.6,1,short,,,,,,57.97,3,sideway_left,,,,-2.44,-4.11,28.7,27.3,-1.4,54.94,56.61,1.67,False,False,,,,,,,,,,,6.78,3.52,-3.26,,,,,,,True,False,False,False,0.0006,0.7679,0.4257,False,192,2,False,,,,,,,,,,,,,,,,8,5,3,,,,,,,,,,,,,,,,,,,,,,,,,,,,,,,,,,,,,,,,,,,,,,,,,True,True,,,False,,,,,,,,,,,,
7_8,24,1874553,185,192,,00:17.5,00:18.2,0,17,0.7,1,2,right_to_left,7,passing_option,,,797295,L. Jovanovic,19,CF,560893,E. Alagich,9,LDM,866,Adelaide United,-4.11,-11.63,4,half_space_right,2,middle_third,False,-5.85,-9.21,4,half_space_right,2,middle_third,False,8_4,182,,,,,,,3,drawing,0,0,2,,,,,,,,5,chaotic,5,chaotic,,,,,,,,,,,,,,,,,,,,,,,,,,,False,False,False,False,,,,,,,,2.53,125.72,3,sideway_left,False,False,,,,3,ahead,3,ahead,34.07,32.98,-36.87,-2.27,3,center,1,defensive_third,False,-37.56,-0.16,3,center,1,defensive_third,False,True,,,,,,,,,,,,,,,,,,,,,,,,,,,,,,,,,,,,,,,,,,,,,,,,,,,,,33.28,3,long,,,,,,-16.17,1,forward,,,,-3.07,-4.11,1.04,1.74,0.7,55.57,56.61,1.04,False,True,,,,,,,,,,,0.93,1.51,0.58,,,,,,,True,True,False,True,0.0034,0.5435,0.744,True,190,2,False,,,,,,,,,,,,,,,,8,2,6,,,,,,,,,,,,,,,,,,,,,,,,,,,,,,,,,,,,,,,,,,,,,,,,,True,True,,,True,,,,,,,,,,,,
1_3,25,1874553,204,291,,00:19.4,00:28.1,0,19,8.7,1,1,left_to_right,1,off_ball_run,2,coming_short,287934,Walid Shour,9,LDM,69111,H. Bility,6,RCB,1802,Brisbane FC,22.06,-2.88,3,center,3,attacking_third,False,-18.79,-21.05,5,wide_right,1,defensive_third,False,8_5,257,,,,,,,3,drawing,0,0,3,,,,,,,,5,chaotic,5,chaotic,,,,,,,,,,,,,,,,,,,,,,,,,,,False,False,True,True,True,,,,,,,44.72,-156.02,2,backward,True,False,16.93,2,running,3,ahead,3,ahead,18.14,14.25,3.97,-4.18,3,center,2,middle_third,False,-30.02,-29.82,5,wide_right,1,defensive_third,False,False,,,,,,,,,,,,,,,,,,,,,,,,,,,,,,,,,,,,,,,,,,,,,,,,,,,,,,,,,,,,,,,,,,,39.07,8.57,17.01,27.36,10.35,13.43,43.93,30.5,True,True,,,,,,,,,,,9.81,4.66,-5.15,,,,,,,,,False,False,0.0002,0.9914,0.9186,True,,,,,,,,,,,,,,,,,,,,,,,,,,,,,,,,,,,,,,,,,,,,0,False,,,,False,8,7,-1,,,,,,,,,,,,,,,,,,True,True,,True,,,,,,,,,,,,,
8_5,26,1874553,257,280,,00:24.7,00:27.0,0,24,2.3,1,1,left_to_right,8,player_possession,,,69111,H. Bility,6,RCB,,,,,1802,Brisbane FC,-25.14,-28.0,5,wide_right,1,defensive_third,False,-29.39,-28.64,5,wide_right,1,defensive_third,False,,,,,,,,,3,drawing,0,0,3,2,True,False,False,True,2,True,5,chaotic,5,chaotic,8,low_block,2,finish,5,chaotic,5,chaotic,,,,,4,recovery,1,pass,,,,,,,1,successful,7_10,False,False,False,,,,,,,,,,5.01,-171.44,2,backward,False,False,8.05,1,jogging,,,,,,,,,,,,,,,,,,,,,,,,,,,,easy,2,very_easy,1,very_easy,1,very_easy,1,no_pressure,1,easy,2,easy,2,low_pressure,2,287934,Walid Shour,9,LDM,-13.77,-19.08,4,half_space_right,2,middle_third,False,-18.79,-21.05,5,wide_right,1,defensive_third,False,,,,,,,,,0.9914,False,0.0002,False,18.31,2,medium,,,,,,31.47,1,forward,,,,18.06,10.94,43.2,40.33,-2.87,34.44,41.56,7.12,False,False,9,9,,,,,,,,,14.38,7.45,-6.93,13.04,1,short,35.6,1,forward,True,,,,,,,,,,True,4231,3,False,,,False,,,False,,,,,,,10,8,2,False,False,True,False,False,False,False,2,1,0,0,0,0,1,0,0,2,0,1,1,0,1,,,,,,,10,10,0,,,,,,,,,,,,,,,,,,True,True,True,True,False,0.0213,0.0226,0.0184,0.017,0.0233,0.0166,0.0028,0.0011,0.0014,-0.0014,0.0007,-0.0004
7_9,27,1874553,257,273,,00:24.7,00:26.3,0,24,1.6,1,1,left_to_right,7,passing_option,,,50999,M. Freke,1,GK,69111,H. Bility,6,RCB,1802,Brisbane FC,-37.48,-11.28,4,half_space_right,1,defensive_third,False,-41.62,-8.66,3,center,1,defensive_third,False,8_5,257,,,,,,,3,drawing,0,0,3,,,,,,,,5,chaotic,5,chaotic,,,,,,,,,,,,,,,,,,,,,,,,,,,False,False,False,False,,,,,,,,4.93,147.67,2,backward,False,True,11.08,1,jogging,1,behind,1,behind,20.78,23.46,-25.14,-28.0,5,wide_right,1,defensive_third,False,-29.64,-28.83,5,wide_right,1,defensive_third,False,True,,,,,,,,,,,,,,,,,,,,,,,,,,,,,,,,,,,,,,,,,,,,,,,,,,,,,20.78,2,medium,,,,,,126.43,3,sideway_left,,,,18.06,12.71,55.54,54.33,-1.21,34.44,39.79,5.35,False,False,,,,,,,,,,,18.43,17.57,-0.86,,,,,,,False,False,False,False,0.0,0.9922,0.96,True,257,1,True,4231,3,False,,,False,,,False,,,,,,,10,10,0,,,,,,,,,,,,,,,,,,,,,,,,,,,,,,,,,,,,,,,,,,,,,,,,,True,True,,,False,,,,,,,,,,,,
7_10,28,1874553,268,280,,00:25.8,00:27.0,0,25,1.2,1,1,left_to_right,7,passing_option,,,287934,Walid Shour,9,LDM,69111,H. Bility,6,RCB,1802,Brisbane FC,-7.44,-15.48,4,half_space_right,2,middle_third,False,-13.77,-19.08,4,half_space_right,2,middle_third,False,8_5,257,,,,1_3,2,coming_short,3,drawing,0,0,3,,,,,,,,5,chaotic,5,chaotic,,,,,,,,,,,,,,,,,,,,,,,,,,False,False,False,True,True,True,,,,,,,7.29,-150.37,2,backward,False,False,20.96,3,hsr,3,ahead,3,ahead,25.51,18.31,-29.08,-28.99,5,wide_right,1,defensive_third,False,-29.39,-28.64,5,wide_right,1,defensive_third,False,False,,,,,,,,,,,,,,,,,,,,,,,,,,,,,,,,,,,,,,,,,,,,,,,,,,,,,18.31,2,medium,,,,,,31.47,1,forward,,,,14.25,10.94,21.69,24.71,3.02,38.25,41.56,3.31,True,True,,,,,,,,,,,7.61,4.66,-2.95,13.04,1,short,35.6,1,forward,True,True,False,False,0.0002,0.9914,0.9186,True,280,1,True,4231,3,False,,,False,,,False,,,,,,,10,8,2,,,,,,,,,,,,,,,,,,,,,,,,,,,,,,,,,,,,,,,,,,,,,,,,,True,True,,True,False,,,,,,,,,,,,
1_4,29,1874553,281,304,,00:27.1,00:29.4,0,27,2.3,1,1,left_to_right,1,off_ball_run,2,coming_short,50973,J. Caletti,11,RDM,287934,Walid Shour,9,LDM,1802,Brisbane FC,0.39,-18.81,4,half_space_right,2,middle_third,False,-10.28,-22.28,5,wide_right,2,middle_third,False,8_6,291,,,,,,,3,drawing,0,0,3,,,,,,,,5,chaotic,5,chaotic,,,,,,,,,,,,,,,,,,,,,,,,,,,False,False,False,False,,,,,,,,10.75,-161.98,2,backward,False,False,17.02,2,running,3,ahead,3,ahead,14.65,13.72,-14.25,-19.34,4,half_space_right,2,middle_third,False,-23.78,-24.73,5,wide_right,1,defensive_third,False,False,,,,,,,,,,,,,,,,,,,,,,,,,,,,,,,,,,,,,,,,,,,,,,,,,,,,,,,,,,,,,,,,,,,10.71,6.71,10.32,16.99,6.67,41.79,45.79,4.0,True,True,,,,,,,,,,,4.01,5.09,1.09,,,,,,,,,False,False,0.0003,0.7682,0.6405,True,,,,,,,,,,,,,,,,,,,,,,,,,,,,,,,,,,,,,,,,,,,,0,False,,,,False,6,6,0,,,,,,,,,,,,,,,,,,True,True,,,,,,,,,,,,,,,
9_8,30,1874553,284,302,282,00:27.2,00:29.2,0,27,2.0,1,2,right_to_left,9,on_ball_engagement,12,pressure,50959,S. Mauk,15,AM,287934,Walid Shour,9,LDM,866,Adelaide United,13.91,12.82,2,half_space_left,2,middle_third,False,21.66,20.9,1,wide_left,3,attacking_third,False,8_6,291,302,5,possession_loss,,,,3,drawing,0,0,3,,,,,,,True,5,chaotic,5,chaotic,,,,,,,,,,,,,,,8,indirect_regain,,,,,,,,,,,False,False,,,,False,False,False,False,False,False,12.44,46.19,3,sideway_left,,,22.27,3,hsr,,,,,,,,,,,,,,,,,,,,,,0.194,0.37,0.37,0.001,0.0,0.001,,,,,,,,,,,,,,,,,287934,Walid Shour,9,LDM,,,,,,,,,,,,,,,71.04,79.51,-163.64,-162.4,17.63,2,running,4.64,,,,,,,,7.4,3.54,3.54,7.79,False,,,,21.52,True,True,-10.01,-6.92,23.92,28.58,4.66,42.49,45.58,3.09,,,2,2,8,9,7,7,0,0,0,2,,,,,,,,,,,,,,,,,,,,,,,,,,,,,,,,,,,,,,,,,,,,,,,,,,,,,,,,,,,,,,,,,,,,,,,,,,,,,,False,,,,,,True,1,False,True,True,True,,,,,,,,,,,,,,
8_6,31,1874553,291,302,,00:28.1,00:29.2,0,28,1.1,1,1,left_to_right,8,player_possession,,,287934,Walid Shour,9,LDM,,,,,1802,Brisbane FC,-18.79,-21.05,5,wide_right,1,defensive_third,False,-23.29,-24.04,5,wide_right,1,defensive_third,False,,,,,,,,,3,drawing,0,0,3,3,False,True,True,False,2,True,5,chaotic,5,chaotic,8,low_block,2,finish,5,chaotic,5,chaotic,,,,,1,pass_reception,5,possession_loss,35.6,1,forward,13.04,1,short,,,,,False,False,,,,,,,,,,5.01,-146.4,2,backward,False,False,17.75,2,running,,,,,,,,,,,,,,,,,,,,,,,,,,,,medium,3,medium,3,medium,3,medium,3,medium_pressure,3,hard,4,medium,3,high_pressure,4,,,,,,,,,,,,,,,,,,,,,,,,,,,,,,,,,,,,,,,,,,,,,8.57,6.92,27.36,30.21,2.85,43.93,45.58,1.65,True,True,7,7,,,,,,,,,4.66,2.91,-1.76,,,,,,,,,,,,,,,,,,,,,,,,,,,,,,,,,,,,False,False,True,False,False,False,False,4,1,2,2,0,0,2,0,0,4,0,3,4,1,2,,,,,,,9,8,-1,,,,,,,,,,,,,,,,,,True,True,True,,False,0.0233,0.021,0.0166,0.0181,,,-0.004,,-0.0024,0.0016,,
7_11,32,1874553,291,297,,00:28.1,00:28.7,0,28,0.6,1,1,left_to_right,7,passing_option,,,50999,M. Freke,1,GK,287934,Walid Shour,9,LDM,1802,Brisbane FC,-42.3,-5.47,3,center,1,defensive_third,False,-41.98,-5.17,3,center,1,defensive_third,False,8_6,291,,,,,,,3,drawing,0,0,3,,,,,,,,5,chaotic,5,chaotic,,,,,,,,,,,,,,,,,,,,,,,,,,,False,False,False,False,,,,,,,,0.44,43.15,1,forward,False,False,2.62,1,jogging,1,behind,1,behind,28.2,26.79,-18.79,-21.05,5,wide_right,1,defensive_third,False,-21.45,-22.38,5,wide_right,1,defensive_third,False,True,,,,,,,,,,,,,,,,,,,,,,,,,,,,,,,,,,,,,,,,,,,,,,,,,,,,,28.2,2,medium,,,,,,146.47,2,backward,,,,8.57,7.55,50.87,49.53,-1.34,43.93,44.95,1.02,False,False,,,,,,,,,,,23.36,22.84,-0.51,,,,,,,False,False,False,False,0.0,0.9871,0.8142,True,291,3,True,4231,3,False,,,False,,,False,,,,,,,8,10,-2,,,,,,,,,,,,,,,,,,,,,,,,,,,,,,,,,,,,,,,,,,,,,,,,,True,True,,,False,,,,,,,,,,,,
7_12,33,1874553,291,302,,00:28.1,00:29.2,0,28,1.1,1,1,left_to_right,7,passing_option,,,69111,H. Bility,6,RCB,287934,Walid Shour,9,LDM,1802,Brisbane FC,-30.02,-29.82,5,wide_right,1,defensive_third,False,-31.48,-31.37,5,wide_right,1,defensive_third,False,8_6,291,,,,,,,3,drawing,0,0,3,,,,,,,,5,chaotic,5,chaotic,,,,,,,,,,,,,,,,,,,,,,,,,,,False,False,False,False,,,,,,,,1.94,-133.29,4,sideway_right,False,False,6.98,1,jogging,1,behind,1,behind,14.25,10.99,-18.79,-21.05,5,wide_right,1,defensive_third,False,-23.29,-24.04,5,wide_right,1,defensive_third,False,True,,,,,,,,,,,,,,,,,,,,,,,,,,,,,,,,,,,,,,,,,,,,,,,,,,,,,12.86,1,short,,,,,,-139.29,2,backward,,,,8.57,6.92,38.59,38.4,-0.19,43.93,45.58,1.65,False,False,,,,,,,,,,,6.37,8.25,1.89,,,,,,,False,False,False,False,0.0002,0.9564,0.8878,True,296,3,True,4231,3,False,,,False,,,False,,,,,,,8,10,-2,,,,,,,,,,,,,,,,,,,,,,,,,,,,,,,,,,,,,,,,,,,,,,,,,True,True,,,False,,,,,,,,,,,,
7_13,34,1874553,294,302,,00:28.4,00:29.2,0,28,0.8,1,1,left_to_right,7,passing_option,,,560983,A. Burke-Gilroy,8,RB,287934,Walid Shour,9,LDM,1802,Brisbane FC,-5.63,-30.61,5,wide_right,2,middle_third,False,-8.73,-31.5,5,wide_right,2,middle_third,False,8_6,291,,,,,,,3,drawing,0,0,3,,,,,,,,5,chaotic,5,chaotic,,,,,,,,,,,,,,,,,,,,,,,,,,,False,False,False,False,,,,,,,,3.23,-163.98,2,backward,False,False,14.96,1,jogging,3,ahead,3,ahead,17.06,16.36,-20.12,-21.6,5,wide_right,1,defensive_third,False,-23.29,-24.04,5,wide_right,1,defensive_third,False,True,,,,,,,,,,,,,,,,,,,,,,,,,,,,,,,,,,,,,,,,,,,,,,,,,,,,,17.09,2,medium,,,,,,-31.38,1,forward,,,,8.04,6.92,13.67,15.65,1.98,44.46,45.58,1.12,False,False,,,,,,,,,,,12.31,10.13,-2.18,,,,,,,True,False,False,False,0.0005,0.9064,0.7852,True,295,3,True,4231,3,True,2,around,False,,,False,,,1,first,2,around,8,6,2,,,,,,,,,,,,,,,,,,,,,,,,,,,,,,,,,,,,,,,,,,,,,,,,,True,True,,,False,,,,,,,,,,,,
7_14,35,1874553,297,301,,00:28.7,00:29.1,0,28,0.4,1,1,left_to_right,7,passing_option,,,50973,J. Caletti,11,RDM,287934,Walid Shour,9,LDM,1802,Brisbane FC,-7.09,-21.2,5,wide_right,2,middle_third,False,-8.93,-21.82,5,wide_right,2,middle_third,False,8_6,291,,,,1_4,2,coming_short,3,drawing,0,0,3,,,,,,,,5,chaotic,5,chaotic,,,,,,,,,,,,,,,,,,,,,,,,,,,False,False,False,False,,,,,,,,1.94,-161.49,2,backward,False,False,,,,3,ahead,3,ahead,14.41,14.18,-21.45,-22.38,5,wide_right,1,defensive_third,False,-22.99,-23.69,5,wide_right,1,defensive_third,False,False,,,,,,,,,,,,,,,,,,,,,,,,,,,,,,,,,,,,,,,,,,,,,,,,,,,,,14.38,1,short,,,,,,5.27,1,forward,,,,7.55,7.03,14.64,15.96,1.32,44.95,45.47,0.52,True,True,,,,,,,,,,,4.43,4.78,0.35,,,,,,,True,False,False,False,0.0003,0.7682,0.6405,True,298,3,True,4231,3,True,1,through,False,,,False,,,1,first,1,through,9,6,3,,,,,,,,,,,,,,,,,,,,,,,,,,,,,,,,,,,,,,,,,,,,,,,,,True,True,,,False,,,,,,,,,,,,
9_9,36,1874553,298,302,298,00:28.8,00:29.2,0,28,0.4,1,2,right_to_left,9,on_ball_engagement,14,recovery_press,797295,L. Jovanovic,19,CF,287934,Walid Shour,9,LDM,866,Adelaide United,26.88,24.92,1,wide_left,3,attacking_third,False,25.93,25.26,1,wide_left,3,attacking_third,False,8_6,291,302,5,possession_loss,,,,3,drawing,0,0,3,,,,,,,True,5,chaotic,5,chaotic,,,,,,,,,,,,,,,7,direct_regain,,,,,,,,,,,False,False,,,,False,False,False,False,False,False,0.97,158.63,2,backward,,,8.87,1,jogging,,,,,,,,,,,,,,,,,,,,,,0.194,0.37,0.37,0.001,0.0,0.001,,,,,,,,,,,,,,,,,287934,Walid Shour,9,LDM,,,,,,,,,,,,,,,77.75,79.51,-163.04,-162.4,17.8,2,running,-8.93,,,,,,,,5.49,2.91,2.91,5.49,False,,,,117.0,False,False,-7.41,-6.92,34.29,32.85,-1.44,45.09,45.58,0.49,,,0,0,9,9,7,7,0,0,1,2,,,,,,,,,,,,,,,,,,,,,,,,,,,,,,,,,,,,,,,,,,,,,,,,,,,,,,,,,,,,,,,,,,,,,,,,,,,,,,False,,,,,,True,2,False,True,True,True,,,,,,,,,,,,,,
9_10,37,1874553,303,305,303,00:29.3,00:29.5,0,29,0.2,1,1,left_to_right,9,on_ball_engagement,15,other,287934,Walid Shour,9,LDM,797295,L. Jovanovic,19,CF,1802,Brisbane FC,-23.56,-24.39,5,wide_right,1,defensive_third,False,-23.95,-25.05,5,wide_right,1,defensive_third,False,8_7,305,305,5,possession_loss,,,,3,drawing,0,0,4,,,,,,,True,2,finish,8,low_block,,,,,,,,,,,,,,,,,,,,,,,,,,,False,False,,,,False,False,False,False,False,False,1.8,-127.46,4,sideway_right,,,15.46,2,running,,,,,,,,,,,,,,,,,,,,,,0.316,0.316,0.316,0.002,0.002,0.002,,,,,,,,,,,,,,,,,797295,L. Jovanovic,19,CF,,,,,,,,,,,,,,,36.92,37.44,136.59,136.84,9.67,1,jogging,5.79,,,,,,,,2.34,1.36,1.36,2.34,False,,,,-101.63,False,False,-32.33,-32.6,8.77,8.65,-0.12,20.17,19.9,-0.27,,,7,7,2,2,0,0,0,1,1,1,,,,,,,,,,,,,,,,,,,,,,,,,,,,,,,,,,,,,,,,,,,,,,,,,,,,,,,,,,,,,,,,,,,,,,,,,,,,,,False,,,,,,False,,False,True,True,True,,,,,,,,,,,,,,
8_7,38,1874553,305,305,,00:29.5,00:29.5,0,29,0.0,1,2,right_to_left,8,player_possession,,,797295,L. Jovanovic,19,CF,,,,,866,Adelaide United,25.19,25.61,1,wide_left,3,attacking_third,False,25.19,25.61,1,wide_left,3,attacking_third,False,,,,,,,,,3,drawing,0,0,4,1,True,False,False,True,2,True,2,finish,8,low_block,9,medium_block,1,create,5,chaotic,5,chaotic,,,,,4,recovery,5,possession_loss,,,,,,,,,,,False,False,,,,,,,,,,0.0,157.25,2,backward,,,9.67,1,jogging,,,,,,,,,,,,,,,,,,,,,,,,,,,,easy,2,very_hard,5,medium,3,medium,3,high_pressure,4,very_hard,5,medium,3,high_pressure,4,,,,,,,,,,,,,,,,,,,,,,,,,,,,,,,,,,,,,,,,,,,,,32.6,32.6,7.41,7.41,0.0,19.9,19.9,0.0,True,True,0,0,,,,,,,,,1.36,1.36,0.0,,,,,,,,,,,,,,,,,,,,,,,,,,,,,,,,,,,,True,False,False,False,False,False,False,0,0,0,0,0,0,0,0,0,0,0,,,,,,,,,,,2,2,0,,,,,,,,,,,,,,,,,,True,True,True,,False,0.0275,0.0275,0.0154,0.0154,,,0.0,,0.0,0.0,,
8_8,39,1874553,320,377,,00:31.0,00:36.7,0,31,5.7,1,2,right_to_left,8,player_possession,,,808608,A. Ayoubi,16,LW,,,,,866,Adelaide United,20.99,30.69,1,wide_left,3,attacking_third,False,53.59,21.37,1,wide_left,3,attacking_third,False,,,,,,,,,3,drawing,0,0,4,2,False,False,True,False,2,True,2,finish,8,low_block,9,medium_block,1,create,5,chaotic,5,chaotic,,,8,goal_kick_against,3,keep_possession,5,possession_loss,,,,,,,,,,,False,False,,,,,,,,,,34.23,-15.95,1,forward,False,False,21.76,3,hsr,,,,,,,,,,,,,,,,,,,,,,,,,,,,easy,2,medium,3,hard,4,medium,3,medium_pressure,3,very_hard,5,very_hard,5,very_high_pressure,5,,,,,,,,,,,,,,,,,,,,,,,,,,,,,,,,,,,,,,,,,,,,,33.41,53.57,12.42,-0.02,-12.44,19.09,0.0,-19.09,False,False,0,3,,,,,,,,,4.23,0.08,-4.15,,,,,,,,,,,,,,,,,,,,,,,,,,,,,,,,,,,,False,False,True,False,False,False,False,4,2,0,0,0,0,2,2,0,2,0,2,3,1,4,,,,,,,0,3,3,,,,,,,,,,,,,,,,,,True,True,True,,False,0.0286,0.0571,0.016,0.0135,,,0.0309,,0.0285,-0.0025,,
7_15,40,1874553,320,347,,00:31.0,00:33.7,0,31,2.7,1,2,right_to_left,7,passing_option,,,797295,L. Jovanovic,19,CF,808608,A. Ayoubi,16,LW,866,Adelaide United,22.95,27.48,1,wide_left,3,attacking_third,False,26.56,24.68,1,wide_left,3,attacking_third,False,8_8,320,,,,,,,3,drawing,0,0,4,,,,,,,,2,finish,8,low_block,,,,,,,,,,,,,,,,,,,,,,,,,,,False,False,False,False,,,,,,,,4.55,-37.8,1,forward,False,False,6.52,1,jogging,2,same_line,1,behind,3.76,9.7,20.99,30.69,1,wide_left,3,attacking_third,False,35.45,28.57,1,wide_left,3,attacking_third,False,True,,,,,,,,,,,,,,,,,,,,,,,,,,,,,,,,,,,,,,,,,,,,,,,,,,,,,3.68,1,short,,,,,,-82.66,4,sideway_right,,,,33.41,38.32,10.46,11.76,1.3,19.09,14.18,-4.91,True,True,,,,,,,,,,,1.66,4.46,2.8,,,,,,,False,False,False,False,0.0067,0.7233,0.9713,True,323,2,False,,,,,,,,,,,,,,,,3,3,0,,,,,,,,,,,,,,,,,,,,,,,,,,,,,,,,,,,,,,,,,,,,,,,,,True,True,,,False,,,,,,,,,,,,
7_16,41,1874553,320,377,,00:31.0,00:36.7,0,31,5.7,1,2,right_to_left,7,passing_option,,,50959,S. Mauk,15,AM,808608,A. Ayoubi,16,LW,866,Adelaide United,25.05,23.87,1,wide_left,3,attacking_third,False,42.89,9.23,2,half_space_left,3,attacking_third,True,8_8,320,,,,1_5,3,cross_receiver,3,drawing,0,0,4,,,,,,,,2,finish,8,low_block,,,,,,,,,,,,,,,,,,,,,,,,,,,False,False,False,False,,,,,,,,23.41,-39.37,1,forward,False,True,14.74,1,jogging,3,ahead,1,behind,7.94,16.18,20.99,30.69,1,wide_left,3,attacking_third,False,53.59,21.37,1,wide_left,3,attacking_third,False,True,,,,,,,,,,,,,,,,,,,,,,,,,,,,,,,,,,,,,,,,,,,,,,,,,,,,,8.25,1,short,,,,,,-70.44,4,sideway_right,,,,33.41,53.57,8.36,10.68,2.32,19.09,0.0,-19.09,True,True,,,,,,,,,,,3.56,2.66,-0.9,,,,,,,False,False,True,True,0.0256,0.5812,0.9786,True,326,3,False,,,,,,,,,,,,,,,,3,2,1,,,,,,,,,,,,,,,,,,,,,,,,,,,,,,,,,,,,,,,,,,,,,,,,,True,True,,,False,,,,,,,,,,,,
9_11,42,1874553,324,377,324,00:31.4,00:36.7,0,31,5.3,1,1,left_to_right,9,on_ball_engagement,15,other,287934,Walid Shour,9,LDM,808608,A. Ayoubi,16,LW,1802,Brisbane FC,-25.15,-27.97,5,wide_right,1,defensive_third,False,-53.57,-21.45,5,wide_right,1,defensive_third,False,8_8,320,377,5,possession_loss,,,,3,drawing,0,0,4,,,,,,,True,2,finish,8,low_block,,,,,,,,,,,7,goal_kick_for,,,,,,,,,,,,,,,False,False,,,,True,False,False,True,False,False,30.05,167.08,2,backward,,,20.64,3,hsr,,,,,,,,,,,,,,,,,,,,,,0.406,0.429,0.475,0.005,0.006,0.008,,,,,,,,,,,,,,,,,808608,A. Ayoubi,16,LW,,,,,,,,,,,,,,,42.98,21.4,133.66,87.08,22.12,3,hsr,-1.48,,,,,,,,3.89,0.08,0.05,3.89,False,,,,35.99,True,False,-33.57,-53.57,8.42,0.0,-8.42,18.93,-1.07,-20.0,,,9,7,3,0,2,0,1,0,2,1,,,,,,,,,,,,,,,,,,,,,,,,,,,,,,,,,,,,,,,,,,,,,,,,,,,,,,,,,,,,,,,,,,,,,,,,,,,,,,False,,,,,,False,,True,True,True,True,,,,,,,,,,,,,,
1_5,43,1874553,336,365,,00:32.6,00:35.5,0,32,2.9,1,2,right_to_left,1,off_ball_run,3,cross_receiver,50959,S. Mauk,15,AM,808608,A. Ayoubi,16,LW,866,Adelaide United,29.87,22.11,1,wide_left,3,attacking_third,False,40.49,11.89,2,half_space_left,3,attacking_third,True,8_8,320,,,,,,,3,drawing,0,0,4,,,,,,,,2,finish,8,low_block,,,,,,,,,,,,,,,,,,,,,,,,,,,False,False,False,False,,,,,,,,14.43,-43.9,1,forward,False,True,18.3,2,running,2,same_line,1,behind,8.72,14.75,29.02,30.79,1,wide_left,3,attacking_third,False,47.37,24.94,1,wide_left,3,attacking_third,False,True,,,,,,,,,,,,,,,,,,,,,,,,,,,,,,,,,,,,,,,,,,,,,,,,,,,,,,,,,,,,,,,,,,,35.43,47.34,5.56,6.85,1.29,17.07,5.16,-11.91,True,True,,,,,,,,,,,2.72,3.38,0.66,,,,,,,,,True,True,0.0726,0.2082,0.8997,True,,,,,,,,,,,,,,,,,,,,,,,,,,,,,,,,,,,,,,,,,,,,1,False,,,,True,4,2,-2,,,,,,,,,,,,,,,,,,True,True,,,,,,,,,,,,,,,
7_17,44,1874553,345,377,,00:33.5,00:36.7,0,33,3.2,1,2,right_to_left,7,passing_option,,,42513,Z. Clough,17,RW,808608,A. Ayoubi,16,LW,866,Adelaide United,31.84,0.57,3,center,3,attacking_third,False,42.64,1.27,3,center,3,attacking_third,True,8_8,320,,,,1_6,3,cross_receiver,3,drawing,0,0,4,,,,,,,,2,finish,8,low_block,,,,,,,,,,,,,,,,,,,,,,,,,,,False,False,False,False,,,,,,,,10.94,3.71,1,forward,False,False,12.21,1,jogging,2,same_line,1,behind,28.58,22.89,34.25,29.05,1,wide_left,3,attacking_third,False,53.59,21.37,1,wide_left,3,attacking_third,False,False,,,,,,,,,,,,,,,,,,,,,,,,,,,,,,,,,,,,,,,,,,,,,,,,,,,,,26.79,2,medium,,,,,,-98.65,4,sideway_right,,,,37.69,53.57,5.85,10.93,5.08,14.81,0.0,-14.81,True,True,,,,,,,,,,,7.85,3.28,-4.58,,,,,,,False,False,True,True,0.0682,0.354,0.8371,True,353,3,False,,,,,,,,,,,,,,,,3,4,-1,,,,,,,,,,,,,,,,,,,,,,,,,,,,,,,,,,,,,,,,,,,,,,,,,True,True,,,False,,,,,,,,,,,,
1_6,45,1874553,348,358,,00:33.8,00:34.8,0,33,1.0,1,2,right_to_left,1,off_ball_run,3,cross_receiver,42513,Z. Clough,17,RW,808608,A. Ayoubi,16,LW,866,Adelaide United,33.05,0.74,3,center,3,attacking_third,False,37.37,0.82,3,center,3,attacking_third,True,8_8,320,,,,,,,3,drawing,0,0,4,,,,,,,,2,finish,8,low_block,,,,,,,,,,,,,,,,,,,,,,,,,,,False,False,False,False,,,,,,,,4.33,1.06,1,forward,False,False,15.51,2,running,1,behind,1,behind,27.76,26.41,36.06,28.34,1,wide_left,3,attacking_third,False,42.72,26.68,1,wide_left,3,attacking_third,False,False,,,,,,,,,,,,,,,,,,,,,,,,,,,,,,,,,,,,,,,,,,,,,,,,,,,,,,,,,,,,,,,,,,,38.64,42.84,5.59,5.47,-0.12,13.86,9.66,-4.2,True,True,,,,,,,,,,,7.55,5.37,-2.17,,,,,,,,,True,True,0.0682,0.354,0.8371,True,,,,,,,,,,,,,,,,,,,,,,,,,,,,,,,,,,,,,,,,,,,,1,False,,,,True,4,4,0,,,,,,,,,,,,,,,,,,True,True,,,,,,,,,,,,,,,
7_18,46,1874553,376,377,,00:36.6,00:36.7,0,36,0.1,1,2,right_to_left,7,passing_option,,,797295,L. Jovanovic,19,CF,808608,A. Ayoubi,16,LW,866,Adelaide United,34.96,18.05,2,half_space_left,3,attacking_third,False,35.17,17.82,2,half_space_left,3,attacking_third,False,8_8,320,,,,,,,3,drawing,0,0,4,,,,,,,,2,finish,8,low_block,,,,,,,,,,,,,,,,,,,,,,,,,,,False,False,False,False,,,,,,,,1.33,-43.52,1,forward,False,False,11.82,1,jogging,1,behind,1,behind,18.55,18.76,53.19,21.48,1,wide_left,3,attacking_third,False,53.59,21.37,1,wide_left,3,attacking_third,False,False,,,,,,,,,,,,,,,,,,,,,,,,,,,,,,,,,,,,,,,,,,,,,,,,,,,,,3.68,1,short,,,,,,-82.66,4,sideway_right,,,,53.29,53.57,18.33,18.4,0.07,0.0,0.0,0.0,True,True,,,,,,,,,,,5.13,5.23,0.09,,,,,,,False,False,False,False,0.0067,0.7233,0.9713,True,323,2,False,,,,,,,,,,,,,,,,3,3,0,,,,,,,,,,,,,,,,,,,,,,,,,,,,,,,,,,,,,,,,,,,,,,,,,True,True,,,False,,,,,,,,,,,,
8_9,47,1874553,491,491,,00:48.1,00:48.1,0,48,0.0,1,2,right_to_left,8,player_possession,,,23925,R. Kitto,2,LB,,,,,866,Adelaide United,21.84,34.42,1,wide_left,3,attacking_third,False,21.84,34.42,1,wide_left,3,attacking_third,False,,,,,,,,,3,drawing,0,0,7,1,False,False,False,True,2,False,5,chaotic,5,chaotic,1,create,9,medium_block,5,chaotic,5,chaotic,12,throw_in_against,,,13,unknown,1,pass,,,,,,,1,successful,7_20,True,False,False,,,,,,,,,,0.0,-138.37,2,backward,,,,,,,,,,,,,,,,,,,,,,,,,,,,,,,,,medium,3,medium,3,hard,4,medium,3,medium_pressure,3,medium,3,medium,3,medium_pressure,3,808608,A. Ayoubi,16,LW,35.7,25.39,1,wide_left,3,attacking_third,False,40.47,25.98,1,wide_left,3,attacking_third,False,,,,,,,,,0.4978,True,0.0176,False,16.54,2,medium,,,,,,-33.08,1,forward,,,,34.39,34.39,12.55,12.55,0.0,18.11,18.11,0.0,False,False,4,4,,,,,,,,,4.51,4.51,0.0,20.45,2,medium,-24.37,1,forward,True,,,,,,,,,,True,343,3,False,,,False,,,True,,,3,last,2,around,6,0,6,True,False,False,False,False,False,False,2,0,1,0,0,1,2,0,0,0,2,,,,,,,,,,,6,6,0,,,,,,,,,,,,,,,,,,True,True,True,True,False,0.0317,0.0317,0.0153,0.0153,0.0542,0.0146,0.0,0.0232,0.0,0.0,0.0225,-0.0006
7_19,48,1874553,491,491,,00:48.1,00:48.1,0,48,0.0,1,2,right_to_left,7,passing_option,,,797295,L. Jovanovic,19,CF,23925,R. Kitto,2,LB,866,Adelaide United,28.68,27.41,1,wide_left,3,attacking_third,False,28.68,27.41,1,wide_left,3,attacking_third,False,8_9,491,,,,,,,3,drawing,0,0,7,,,,,,,,5,chaotic,5,chaotic,,,,,,,,,,,,,,,,,,,,,,,,,,,False,False,False,False,,,,,,,,0.0,-160.4,2,backward,False,False,,,,3,ahead,3,ahead,9.79,9.79,21.84,34.42,1,wide_left,3,attacking_third,False,21.84,34.42,1,wide_left,3,attacking_third,False,True,,,,,,,,,,,,,,,,,,,,,,,,,,,,,,,,,,,,,,,,,,,,,,,,,,,,,9.79,1,short,,,,,,-45.7,4,sideway_right,,,,34.39,34.39,5.71,5.71,0.0,18.11,18.11,0.0,True,True,,,,,,,,,,,3.7,3.7,0.0,,,,,,,True,True,False,True,0.0083,0.5237,0.9458,True,491,1,True,343,3,False,,,False,,,False,,,,,,,6,4,2,,,,,,,,,,,,,,,,,,,,,,,,,,,,,,,,,,,,,,,,,,,,,,,,,True,True,,,True,,,,,,,,,,,,
9_12,50,1874553,498,521,497,00:48.7,00:51.1,0,48,2.4,1,1,left_to_right,9,on_ball_engagement,14,recovery_press,560983,A. Burke-Gilroy,8,RB,808608,A. Ayoubi,16,LW,1802,Brisbane FC,-34.0,-28.02,5,wide_right,1,defensive_third,False,-45.56,-24.37,5,wide_right,1,defensive_third,False,8_10,503,521,5,possession_loss,,,,3,drawing,0,0,7,,,,,,,False,5,chaotic,5,chaotic,,,,,,,,,,,4,free_kick_against,,,,,,,,,,,,,,,False,False,,,,True,False,False,False,False,False,12.67,162.48,2,backward,,,,,,,,,,,,,,,,,,,,,,,,,,,0.442,0.426,0.459,0.012,0.002,0.012,,,,,,,,,,,,,,,,,808608,A. Ayoubi,16,LW,,,,,,,,,,,,,,,29.33,28.39,119.22,102.86,13.08,1,jogging,,,,,,,,,4.83,3.37,2.01,4.99,False,,,,-22.5,False,True,-35.55,-45.56,1.55,0.0,-1.55,16.95,6.94,-10.01,,,9,7,0,0,0,0,0,0,1,1,,,,,,,,,,,,,,,,,,,,,,,,,,,,,,,,,,,,,,,,,,,,,,,,,,,,,,,,,,,,,,,,,,,,,,,,,,,,,,False,,,,,,False,,False,True,True,True,,,,,,,,,,,,,,
8_10,51,1874553,503,521,,00:49.3,00:51.1,0,49,1.8,1,2,right_to_left,8,player_possession,,,808608,A. Ayoubi,16,LW,,,,,866,Adelaide United,40.47,25.98,1,wide_left,3,attacking_third,False,46.18,27.68,1,wide_left,3,attacking_third,False,,,,,,,,,3,drawing,0,0,7,2,False,False,True,False,2,False,5,chaotic,5,chaotic,1,create,9,medium_block,5,chaotic,5,chaotic,,,3,free_kick_for,1,pass_reception,5,possession_loss,-24.37,1,forward,20.45,2,medium,,,,,False,False,,,,,,,,,,6.06,16.58,1,forward,False,False,12.07,1,jogging,,,,,,,,,,,,,,,,,,,,,,,,,,,,hard,4,hard,4,medium,3,very_hard,5,high_pressure,4,medium,3,very_hard,5,medium_pressure,3,,,,,,,,,,,,,,,,,,,,,,,,,,,,,,,,,,,,,,,,,,,,,37.1,45.56,-3.37,-0.62,2.75,15.4,6.94,-8.46,False,False,0,0,,,,,,,,,3.63,3.37,-0.26,,,,,,,,,,,,,,,,,,,,,,,,,,,,,,,,,,,,False,False,True,False,False,False,False,2,0,0,0,0,0,0,2,0,0,0,2,2,0,0,,,,,,,0,0,0,,,,,,,,,,,,,,,,,,True,True,True,,False,0.0542,0.0386,0.0146,0.0149,,,-0.0158,,-0.0155,0.0002,,
8_11,54,1874553,628,662,,01:01.8,01:05.2,1,1,3.4,1,2,right_to_left,8,player_possession,,,26766,B. Vriends,6,RCB,,,,,866,Adelaide United,-15.17,10.92,2,half_space_left,2,middle_third,False,-17.05,1.84,3,center,2,middle_third,False,,,,,,,,,3,drawing,0,0,8,1,False,False,False,True,6,False,1,create,9,medium_block,0,build_up,10,high_block,5,chaotic,5,chaotic,3,free_kick_for,,,5,free_kick_reception,1,pass,,,,,,,1,successful,7_25,False,False,False,,,,,,,,,,9.61,-101.7,4,sideway_right,False,True,9.91,1,jogging,,,,,,,,,,,,,,,,,,,,,,,,,,,,,,,,,,,,,,very_easy,1,very_easy,1,no_pressure,1,809759,P. Kikianis,4,LCB,-16.33,18.42,2,half_space_left,2,middle_third,False,-16.77,16.99,2,half_space_left,2,middle_third,False,,,,,,,,,0.999,False,0.0002,False,16.6,2,medium,,,,,,87.51,3,sideway_left,,,,25.64,18.35,40.81,35.4,-5.41,26.86,34.15,7.29,False,False,9,9,,,,,,,,,16.48,14.93,-1.55,15.15,2,medium,88.94,3,sideway_left,False,,,,,,,,,,True,424,3,False,,,False,,,False,,,,,,,10,10,0,False,False,True,False,False,False,False,3,0,0,0,0,0,1,0,0,3,0,2,2,1,1,,,,,,,10,10,0,,,,,,,,,,,,,,,,,,True,True,True,True,False,0.0235,0.0231,0.0163,0.0174,0.0215,0.0179,-0.0015,-0.0021,-0.0005,0.001,-0.0016,0.0005
8_12,58,1874553,677,702,,01:06.7,01:09.2,1,6,2.5,1,2,right_to_left,8,player_possession,,,809759,P. Kikianis,4,LCB,,,,,866,Adelaide United,-16.77,16.99,2,half_space_left,2,middle_third,False,-15.97,17.32,2,half_space_left,2,middle_third,False,,,,,,,,,3,drawing,0,0,8,2,False,False,False,False,6,False,1,create,9,medium_block,0,build_up,10,high_block,5,chaotic,5,chaotic,,,,,1,pass_reception,1,pass,88.94,3,sideway_left,15.15,2,medium,1,successful,7_28,False,False,False,,,,,,,,,,2.9,22.42,1,forward,False,False,4.57,1,jogging,,,,,,,,,,,,,,,,,,,,,,,,,,,,very_easy,1,very_easy,1,very_easy,1,very_easy,1,no_pressure,1,easy,2,very_easy,1,no_pressure,1,26766,B. Vriends,6,RCB,-17.86,-3.42,3,center,1,defensive_third,False,-17.49,-4.3,3,center,2,middle_third,False,,,,,,,,,0.9989,False,0.0002,False,20.83,2,medium,,,,,,-95.21,4,sideway_right,,,,17.16,16.65,33.93,32.62,-1.31,35.34,35.85,0.51,False,False,8,8,,,,,,,,,13.61,5.97,-7.64,21.67,2,medium,-94.02,4,sideway_right,False,,,,,,,,,,True,4231,3,False,,,False,,,False,,,,,,,10,10,0,False,False,True,False,False,False,False,3,0,0,0,0,0,1,0,0,3,0,2,2,1,1,,,,,,,10,10,0,,,,,,,,,,,,,,,,,,True,True,True,True,False,0.0215,0.0229,0.0179,0.0174,0.0241,0.0166,0.0018,0.0021,0.0014,-0.0004,0.0012,-0.0008
9_13,62,1874553,696,702,696,01:08.6,01:09.2,1,8,0.6,1,1,left_to_right,9,on_ball_engagement,12,pressure,795537,T. Waddingham,19,CF,809759,P. Kikianis,4,LCB,1802,Brisbane FC,8.04,-15.65,4,half_space_right,2,middle_third,False,10.25,-15.61,4,half_space_right,2,middle_third,False,8_12,677,702,1,pass,,,,3,drawing,0,0,8,,,,,,,False,1,create,9,medium_block,,,,,,,,,,,,,,,,,,,,,,,,,,,False,False,,,,False,False,False,False,False,False,2.25,1.04,1,forward,,,13.51,1,jogging,,,,,,,,,,,,,,,,,,,,,,0.037,0.006,0.067,0.0,0.0,0.0,,,,,,,,,,,,,,,,,809759,P. Kikianis,4,LCB,,,,,,,,,,,,,,,70.62,70.63,164.87,165.8,6.77,1,jogging,6.74,,,,,,,,8.12,5.97,5.97,8.12,False,,,,-104.51,True,True,-16.53,-16.65,24.57,26.9,2.33,35.97,35.85,-0.12,,,0,0,10,10,8,8,0,0,0,0,,,,,,,,,,,,,,,,,,,,,,,,,,,,,,,,,,,,,,,,,,,,,,,,,,,,,,,,,,,,,,,,,,,,,,,,,,,,,,False,,,,,,False,,False,True,True,True,True,,,,,,,,,,,,,
8_13,63,1874553,719,738,,01:10.9,01:12.8,1,10,1.9,1,2,right_to_left,8,player_possession,,,26766,B. Vriends,6,RCB,,,,,866,Adelaide United,-17.49,-4.3,3,center,2,middle_third,False,-11.74,-8.65,3,center,2,middle_third,False,,,,,,,,,3,drawing,0,0,8,3,False,False,False,False,6,False,1,create,9,medium_block,0,build_up,10,high_block,5,chaotic,5,chaotic,,,,,1,pass_reception,1,pass,-94.02,4,sideway_right,21.67,2,medium,1,successful,7_31,False,False,False,,,,,,,,,,6.75,-37.11,1,forward,False,False,13.55,1,jogging,,,,,,,,,,,,,,,,,,,,,,,,,,,,very_easy,1,very_easy,1,very_easy,1,very_easy,1,no_pressure,1,very_easy,1,very_easy,1,no_pressure,1,42513,Z. Clough,17,RW,12.89,-34.37,5,wide_right,2,middle_third,False,9.21,-32.42,5,wide_right,2,middle_third,False,,,,,,,,,0.9898,False,0.0024,False,35.61,3,long,,,,,,-46.24,4,sideway_right,,,,18.1,18.21,35.59,29.95,-5.64,34.4,34.29,-0.11,False,False,6,8,,,,,,,,,13.64,7.74,-5.89,31.68,3,long,-48.61,4,sideway_right,True,,,,,,,,,,True,442,3,False,,,False,,,False,,,,,,,10,4,6,False,False,True,False,False,False,False,3,0,1,0,1,0,2,0,0,3,0,2,3,1,3,,,,,,,10,10,0,,,,,,,,,,,,,,,,,,True,True,True,True,False,0.0241,0.0261,0.0166,0.017,0.0324,0.0151,0.0016,0.0083,0.002,0.0004,0.0064,-0.0019
9_14,67,1874553,742,756,741,01:13.1,01:14.6,1,13,1.5,1,1,left_to_right,9,on_ball_engagement,11,pressing,50994,C. Brown,2,LB,42513,Z. Clough,17,RW,1802,Brisbane FC,-17.47,26.22,1,wide_left,2,middle_third,False,-12.28,30.3,1,wide_left,2,middle_third,False,8_14,756,756,1,pass,,,,3,drawing,0,0,8,,,,,,,False,1,create,9,medium_block,,,,,,,,,,,,,,,,,,,,,,,,,,,False,False,,,,False,False,False,False,False,False,6.75,38.17,1,forward,,,16.88,2,running,,,,,,,,,,,,,,,,,,,,,,0.124,0.124,0.124,0.0,0.0,0.0,,,,,,,,,,,,,,,,,42513,Z. Clough,17,RW,,,,,,,,,,,,,,,53.15,54.08,-139.51,-143.17,9.1,1,jogging,7.78,,,,,,,,9.89,3.73,3.73,10.23,False,,,,62.87,True,True,-17.47,-19.0,0.0,6.72,6.72,35.03,33.5,-1.53,,,6,9,4,4,2,4,0,0,0,1,,,,,,,,,,,,,,,,,,,,,,,,,,,,,,,,,,,,,,,,,,,,,,,,,,,,,,,,,,,,,,,,,,,,,,,,,,,,,,True,12,,,0,1,False,,False,True,True,True,True,,,,,,,,,,,,,
1_7,68,1874553,749,757,,01:13.9,01:14.7,1,13,0.8,1,2,right_to_left,1,off_ball_run,8,run_ahead_of_the_ball,50959,S. Mauk,15,AM,42513,Z. Clough,17,RW,866,Adelaide United,8.42,-15.62,4,half_space_right,2,middle_third,False,11.16,-17.74,4,half_space_right,2,middle_third,False,8_14,756,,,,,,,3,drawing,0,0,8,,,,,,,,1,create,9,medium_block,,,,,,,,,,,,,,,,,,,,,,,,,,,False,False,False,False,,,,,,,,3.46,-37.73,1,forward,False,False,15.49,2,running,2,same_line,2,same_line,18.27,14.68,10.42,-33.78,5,wide_right,2,middle_third,False,9.12,-32.28,5,wide_right,2,middle_third,False,True,,,,,,,,,,,,,,,,,,,,,,,,,,,,,,,,,,,,,,,,,,,,,,,,,,,,,,,,,,,,,,,,,,,17.71,19.18,9.29,8.02,-1.27,34.79,33.32,-1.47,True,True,,,,,,,,,,,3.04,2.6,-0.44,,,,,,,,,False,True,0.004,0.6406,0.9525,True,,,,,,,,,,,,,,,,,,,,,,,,,,,,,,,,,,,,,,,,,,,,0,False,,,,True,4,4,0,,,,,,,,,,,,,,,,,,True,True,,,,,,,,,,,,,,,
8_14,69,1874553,756,756,,01:14.6,01:14.6,1,14,0.0,1,2,right_to_left,8,player_possession,,,42513,Z. Clough,17,RW,,,,,866,Adelaide United,9.21,-32.42,5,wide_right,2,middle_third,False,9.21,-32.42,5,wide_right,2,middle_third,False,,,,,,,,,3,drawing,0,0,8,4,False,False,False,False,6,False,1,create,9,medium_block,0,build_up,10,high_block,5,chaotic,5,chaotic,,,,,1,pass_reception,1,pass,-48.61,4,sideway_right,31.68,3,long,1,successful,7_33,False,False,False,,,,,,,,,,0.0,127.6,3,sideway_left,,,8.93,1,jogging,,,,,,,,,,,,,,,,,,,,,,,,,,,,easy,2,medium,3,medium,3,easy,2,medium_pressure,3,medium,3,easy,2,medium_pressure,3,51005,D. Pierias,8,RB,-8.04,-28.53,5,wide_right,2,middle_third,False,-8.38,-28.74,5,wide_right,2,middle_third,False,,,,,,,,,0.9942,False,0.0001,False,17.68,2,medium,,,,,,167.29,2,backward,,,,19.0,19.0,9.79,9.79,0.0,33.5,33.5,0.0,False,False,4,4,,,,,,,,,3.73,3.73,0.0,17.97,2,medium,168.18,2,backward,False,,,,,,,,,,True,4231,3,False,,,False,,,False,,,,,,,4,10,-6,True,False,False,False,False,False,False,2,1,0,0,0,0,0,0,0,1,1,,,,,,,,,,,4,4,0,,,,,,,,,,,,,,,,,,True,True,True,True,False,0.0324,0.0324,0.0151,0.0151,0.0229,0.0166,0.0,-0.0111,0.0,0.0,-0.0095,0.0015
1_8,73,1874553,769,791,,01:15.9,01:18.1,1,15,2.2,1,2,right_to_left,1,off_ball_run,4,dropping_off,26766,B. Vriends,6,RCB,51005,D. Pierias,8,RB,866,Adelaide United,-10.0,-13.83,4,half_space_right,2,middle_third,False,-20.37,-15.75,4,half_space_right,1,defensive_third,False,8_15,775,,,,,,,3,drawing,0,0,8,,,,,,,,1,create,9,medium_block,,,,,,,,,,,,,,,,,,,,,,,,,,,False,False,True,True,True,,,,,,,10.58,-169.51,2,backward,False,False,17.26,2,running,2,same_line,1,behind,15.8,15.83,-7.54,-29.44,5,wide_right,2,middle_third,False,-12.62,-29.55,5,wide_right,2,middle_third,False,True,,,,,,,,,,,,,,,,,,,,,,,,,,,,,,,,,,,,,,,,,,,,,,,,,,,,,,,,,,,,,,,,,,,19.69,14.9,29.69,35.27,5.58,32.81,37.6,4.79,False,False,,,,,,,,,,,9.32,7.69,-1.62,,,,,,,,,False,False,0.0003,0.9946,0.9719,True,,,,,,,,,,,,,,,,,,,,,,,,,,,,,,,,,,,,,,,,,,,,0,False,,,,True,10,10,0,,,,,,,,,,,,,,,,,,True,True,,True,,,,,,,,,,,,,
8_15,74,1874553,775,775,,01:16.5,01:16.5,1,16,0.0,1,2,right_to_left,8,player_possession,,,51005,D. Pierias,8,RB,,,,,866,Adelaide United,-8.38,-28.74,5,wide_right,2,middle_third,False,-8.38,-28.74,5,wide_right,2,middle_third,False,,,,,,,,,3,drawing,0,0,8,5,False,False,True,False,6,False,1,create,9,medium_block,0,build_up,10,high_block,5,chaotic,5,chaotic,,,,,1,pass_reception,1,pass,168.18,2,backward,17.97,2,medium,1,successful,7_34,False,False,False,,,,,,,,,,0.0,140.58,2,backward,,,6.76,1,jogging,,,,,,,,,,,,,,,,,,,,,,,,,,,,easy,2,hard,4,medium,3,easy,2,medium_pressure,3,hard,4,easy,2,medium_pressure,3,26766,B. Vriends,6,RCB,-12.68,-14.64,4,half_space_right,2,middle_third,False,-20.37,-15.75,4,half_space_right,1,defensive_third,False,,,,,,,,,0.9946,False,0.0003,False,14.74,1,short,,,,,,106.96,3,sideway_left,,,,18.94,18.94,27.32,27.32,0.0,33.56,33.56,0.0,False,False,7,7,,,,,,,,,3.53,3.53,0.0,17.68,2,medium,132.71,3,sideway_left,False,,,,,,,,,,True,433,3,False,,,False,,,False,,,,,,,10,10,0,True,False,False,False,False,False,False,2,1,0,0,0,0,0,0,0,2,0,,,,,,,,,,,10,10,0,,,,,,,,,,,,,,,,,,True,True,True,True,False,0.0229,0.0229,0.0166,0.0166,0.0192,0.0194,0.0,-0.0064,0.0,0.0,-0.0036,0.0028
8_16,78,1874553,791,805,,01:18.1,01:19.5,1,18,1.4,1,2,right_to_left,8,player_possession,,,26766,B. Vriends,6,RCB,,,,,866,Adelaide United,-20.37,-15.75,4,half_space_right,1,defensive_third,False,-26.98,-14.06,4,half_space_right,1,defensive_third,False,,,,,,,,,3,drawing,0,0,9,1,False,False,False,True,6,False,0,build_up,10,high_block,1,create,9,medium_block,1,create,9,medium_block,,,,,1,pass_reception,1,pass,132.71,3,sideway_left,17.68,2,medium,1,successful,7_37,False,False,False,,,,,,,,,,7.01,165.66,2,backward,False,False,18.01,2,running,,,,,,,,,,,,,,,,,,,,,,,,,,,,easy,2,easy,2,easy,2,very_easy,1,low_pressure,2,medium,3,easy,2,medium_pressure,3,809759,P. Kikianis,4,LCB,-21.75,5.39,3,center,1,defensive_third,False,-27.38,7.63,3,center,1,defensive_third,False,,,,,,,,,0.928,False,0.0002,False,20.14,2,medium,,,,,,74.95,3,sideway_left,,,,14.9,10.66,35.27,37.64,2.37,37.6,41.84,4.24,False,False,9,9,,,,,,,,,7.69,3.05,-4.64,21.69,2,medium,91.06,3,sideway_left,True,,,,,,,,,,True,4231,3,False,,,False,,,False,,,,,,,10,9,1,False,False,True,False,False,False,False,2,1,0,0,0,0,1,0,0,2,0,1,2,0,1,,,,,,,10,10,0,,,,,,,,,,,,,,,,,,True,True,True,True,False,0.0192,0.0182,0.0194,0.0208,0.0187,0.0202,-0.0024,0.0011,-0.001,0.0014,0.0005,-0.0006
1_9,80,1874553,798,810,,01:18.8,01:20.0,1,18,1.2,1,2,right_to_left,1,off_ball_run,4,dropping_off,809759,P. Kikianis,4,LCB,26766,B. Vriends,6,RCB,866,Adelaide United,-19.19,3.7,3,center,1,defensive_third,False,-23.51,6.59,3,center,1,defensive_third,False,8_16,791,,,,,,,3,drawing,0,0,9,,,,,,,,0,build_up,10,high_block,,,,,,,,,,,,,,,,,,,,,,,,,,,False,False,True,True,True,,,,,,,5.2,146.22,2,backward,False,False,15.53,2,running,3,ahead,3,ahead,19.87,20.03,-23.71,-15.65,4,half_space_right,1,defensive_third,False,-28.88,-12.71,4,half_space_right,1,defensive_third,False,False,,,,,,,,,,,,,,,,,,,,,,,,,,,,,,,,,,,,,,,,,,,,,,,,,,,,,,,,,,,,,,,,,,,12.74,9.17,31.93,32.68,0.75,39.76,43.33,3.57,False,False,,,,,,,,,,,14.6,7.35,-7.26,,,,,,,,,False,False,0.0002,0.928,0.7108,True,,,,,,,,,,,,,,,,,,,,,,,,,,,,,,,,,,,,,,,,,,,,0,False,,,,False,9,9,0,,,,,,,,,,,,,,,,,,True,True,,True,,,,,,,,,,,,,
8_17,83,1874553,823,841,,01:21.3,01:23.1,1,21,1.8,1,2,right_to_left,8,player_possession,,,809759,P. Kikianis,4,LCB,,,,,866,Adelaide United,-27.38,7.63,3,center,1,defensive_third,False,-31.71,5.29,3,center,1,defensive_third,False,,,,,,,,,3,drawing,0,0,9,2,False,False,False,False,6,False,0,build_up,10,high_block,1,create,9,medium_block,1,create,9,medium_block,,,,,1,pass_reception,1,pass,91.06,3,sideway_left,21.69,2,medium,1,successful,7_39,False,False,False,,,,,,,,,,4.96,-151.61,2,backward,False,False,9.88,1,jogging,,,,,,,,,,,,,,,,,,,,,,,,,,,,easy,2,easy,2,easy,2,very_easy,1,low_pressure,2,easy,2,easy,2,low_pressure,2,50968,J. Delianov,1,GK,-42.08,1.83,3,center,1,defensive_third,False,-43.2,2.83,3,center,1,defensive_third,False,,,,,,,,,0.9954,False,0.0,False,10.93,1,short,,,,,,-161.55,2,backward,,,,6.23,4.47,33.61,36.18,2.57,46.27,48.03,1.76,False,False,8,8,,,,,,,,,7.35,4.84,-2.51,11.75,1,short,-167.92,2,backward,False,,,,,,,,,,True,4231,3,False,,,False,,,False,,,,,,,9,10,-1,False,False,True,False,False,False,False,2,0,0,0,0,0,1,0,0,2,0,2,1,1,1,,,,,,,9,9,0,,,,,,,,,,,,,,,,,,True,True,True,True,False,0.0187,0.0186,0.0202,0.0203,0.0184,0.0205,-0.0002,-0.0005,-0.0001,0.0001,-0.0002,0.0003
8_18,87,1874553,855,855,,01:24.5,01:24.5,1,24,0.0,1,2,right_to_left,8,player_possession,,,50968,J. Delianov,1,GK,,,,,866,Adelaide United,-43.2,2.83,3,center,1,defensive_third,False,-43.2,2.83,3,center,1,defensive_third,False,,,,,,,,,3,drawing,0,0,9,3,False,False,False,False,6,False,0,build_up,10,high_block,1,create,9,medium_block,1,create,9,medium_block,,,,,1,pass_reception,1,pass,-167.92,2,backward,11.75,1,short,1,successful,7_41,False,False,False,,,,,,,,,,0.0,155.23,2,backward,,,2.09,1,jogging,,,,,,,,,,,,,,,,,,,,,,,,,,,,very_easy,1,hard,4,medium,3,medium,3,medium_pressure,3,hard,4,medium,3,medium_pressure,3,26766,B. Vriends,6,RCB,-37.29,-5.8,3,center,1,defensive_third,False,-39.15,-7.47,3,center,1,defensive_third,False,,,,,,,,,0.9647,False,0.0002,False,10.46,1,short,,,,,,-55.6,4,sideway_right,,,,2.94,2.94,46.14,46.14,0.0,49.56,49.56,0.0,False,False,10,10,,,,,,,,,4.41,4.41,0.0,11.07,1,short,-68.54,4,sideway_right,True,,,,,,,,,,True,4231,3,False,,,False,,,False,,,,,,,10,9,1,True,False,False,False,False,False,False,2,0,0,0,0,0,2,0,0,2,0,,,,,,,,,,,10,10,0,,,,,,,,,,,,,,,,,,True,True,True,True,False,0.0184,0.0184,0.0205,0.0205,0.0172,0.0222,0.0,-0.0028,0.0,0.0,-0.0011,0.0017
8_19,90,1874553,867,882,,01:25.7,01:27.2,1,25,1.5,1,2,right_to_left,8,player_possession,,,26766,B. Vriends,6,RCB,,,,,866,Adelaide United,-39.15,-7.47,3,center,1,defensive_third,False,-36.24,-8.01,3,center,1,defensive_third,False,,,,,,,,,3,drawing,0,0,9,4,False,False,False,False,6,False,0,build_up,10,high_block,1,create,9,medium_block,1,create,9,medium_block,,,,,1,pass_reception,5,possession_loss,-68.54,4,sideway_right,11.07,1,short,,,,,False,False,,,,,,,,,,2.86,-10.51,1,forward,False,False,7.35,1,jogging,,,,,,,,,,,,,,,,,,,,,,,,,,,,easy,2,easy,2,medium,3,easy,2,medium_pressure,3,very_hard,5,medium,3,very_high_pressure,5,,,,,,,,,,,,,,,,,,,,,,,,,,,,,,,,,,,,,,,,,,,,,1.55,1.06,40.7,37.3,-3.4,50.95,51.44,0.49,False,True,9,9,,,,,,,,,8.52,0.49,-8.03,,,,,,,,,,,,,,,,,,,,,,,,,,,,,,,,,,,,False,False,True,False,False,False,False,2,1,2,2,0,0,2,0,0,2,0,2,2,2,2,,,,,,,9,9,0,,,,,,,,,,,,,,,,,,True,True,True,,False,0.0172,0.0193,0.0222,0.0195,,,0.0048,,0.0021,-0.0028,,
1_10,94,1874553,871,880,,01:26.1,01:27.0,1,26,0.9,1,2,right_to_left,1,off_ball_run,2,coming_short,50949,J. Barnett,11,RDM,26766,B. Vriends,6,RCB,866,Adelaide United,-27.05,-4.52,3,center,1,defensive_third,False,-27.22,-8.7,3,center,1,defensive_third,False,8_19,867,,,,,,,3,drawing,0,0,9,,,,,,,,0,build_up,10,high_block,,,,,,,,,,,,,,,,,,,,,,,,,,,False,False,False,False,,,,,,,,3.76,-92.33,4,sideway_right,False,False,16.51,2,running,3,ahead,3,ahead,12.09,9.5,-38.69,-7.79,3,center,1,defensive_third,False,-36.7,-8.15,3,center,1,defensive_third,False,True,,,,,,,,,,,,,,,,,,,,,,,,,,,,,,,,,,,,,,,,,,,,,,,,,,,,,,,,,,,,,,,,,,,1.28,1.02,28.33,28.24,-0.09,51.22,51.48,0.26,True,True,,,,,,,,,,,2.14,1.53,-0.61,,,,,,,,,False,False,0.0003,0.912,0.9512,True,,,,,,,,,,,,,,,,,,,,,,,,,,,,,,,,,,,,,,,,,,,,0,False,,,,True,6,6,0,,,,,,,,,,,,,,,,,,True,True,,,,,,,,,,,,,,,
1_11,121,1874553,1054,1064,,01:44.4,01:45.4,1,44,1.0,1,2,right_to_left,1,off_ball_run,2,coming_short,50949,J. Barnett,11,RDM,50968,J. Delianov,1,GK,866,Adelaide United,-27.03,-5.46,3,center,1,defensive_third,False,-31.2,-3.98,3,center,1,defensive_third,False,8_25,1048,,,,,,,3,drawing,0,0,13,,,,,,,,0,build_up,10,high_block,,,,,,,,,,,,,,,,,,,,,,,,,,,False,False,False,False,,,,,,,,4.46,160.46,2,backward,False,False,15.89,2,running,3,ahead,3,ahead,19.42,14.62,-45.28,1.18,3,center,1,defensive_third,False,-45.03,0.75,3,center,1,defensive_third,False,False,,,,,,,,,,,,,,,,,,,,,,,,,,,,,,,,,,,,,,,,,,,,,,,,,,,,,,,,,,,,,,,,,,,2.08,1.59,29.11,32.79,3.68,50.42,50.91,0.49,True,True,,,,,,,,,,,3.54,4.11,0.57,,,,,,,,,False,False,0.0002,0.9975,0.8797,True,,,,,,,,,,,,,,,,,,,,,,,,,,,,,,,,,,,,,,,,,,,,0,False,,,,True,9,8,-1,,,,,,,,,,,,,,,,,,True,True,,,,,,,,,,,,,,,
1_12,127,1874553,1097,1105,,01:48.7,01:49.5,1,48,0.8,1,2,right_to_left,1,off_ball_run,7,pulling_wide,50959,S. Mauk,15,AM,26766,B. Vriends,6,RCB,866,Adelaide United,-8.98,-17.67,4,half_space_right,2,middle_third,False,-9.59,-21.25,5,wide_right,2,middle_third,False,8_26,1072,,,,,,,3,drawing,0,0,13,,,,,,,,0,build_up,10,high_block,,,,,,,,,,,,,,,,,,,,,,,,,,,False,False,False,False,,,,,,,,3.63,-99.67,4,sideway_right,True,False,16.16,2,running,3,ahead,3,ahead,28.08,25.4,-37.06,-17.93,4,half_space_right,1,defensive_third,False,-34.93,-19.45,4,half_space_right,1,defensive_third,False,False,,,,,,,,,,,,,,,,,,,,,,,,,,,,,,,,,,,,,,,,,,,,,,,,,,,,,,,,,,,,,,,,,,,2.07,2.62,11.05,12.21,1.16,50.43,49.88,-0.55,True,True,,,,,,,,,,,4.54,4.67,0.13,,,,,,,,,False,False,0.0004,0.9193,0.8726,True,,,,,,,,,,,,,,,,,,,,,,,,,,,,,,,,,,,,,,,,,,,,0,False,,,,True,4,4,0,,,,,,,,,,,,,,,,,,True,True,,,,,,,,,,,,,,,
1_13,161,1874553,1594,1609,,02:38.4,02:39.9,2,38,1.5,1,2,right_to_left,1,off_ball_run,7,pulling_wide,560893,E. Alagich,9,LDM,23925,R. Kitto,2,LB,866,Adelaide United,-18.25,18.79,2,half_space_left,1,defensive_third,False,-19.95,24.92,1,wide_left,1,defensive_third,False,8_35,1597,,,,,,,3,drawing,0,0,17,,,,,,,,0,build_up,10,high_block,,,,,,,,,,,,,,,,,,,,,,,,,,,False,False,True,True,True,,,,,,,6.03,105.5,3,sideway_left,True,False,15.46,2,running,3,ahead,3,ahead,25.71,21.38,-42.14,28.28,1,wide_left,1,defensive_third,False,-40.96,28.88,1,wide_left,1,defensive_third,False,True,,,,,,,,,,,,,,,,,,,,,,,,,,,,,,,,,,,,,,,,,,,,,,,,,,,,,,,,,,,,,,,,,,,0.34,1.41,18.59,21.36,2.77,52.16,51.09,-1.07,True,True,,,,,,,,,,,12.46,7.9,-4.56,,,,,,,,,False,False,0.0005,0.9231,0.9668,True,,,,,,,,,,,,,,,,,,,,,,,,,,,,,,,,,,,,,,,,,,,,0,False,,,,True,5,5,0,,,,,,,,,,,,,,,,,,True,True,,True,,,,,,,,,,,,,
1_14,168,1874553,1636,1686,,02:42.6,02:47.6,2,42,5.0,1,2,right_to_left,1,off_ball_run,8,run_ahead_of_the_ball,808608,A. Ayoubi,16,LW,560893,E. Alagich,9,LDM,866,Adelaide United,8.33,34.01,1,wide_left,2,middle_third,False,32.01,27.26,1,wide_left,3,attacking_third,False,8_36,1615,,,,,,,3,drawing,0,0,19,,,,,,,,2,finish,8,low_block,,,,,,,,,,,,,,,,,,,,,,,,,,,False,False,False,False,,,,,,,,24.81,-15.91,1,forward,False,False,19.04,2,running,3,ahead,2,same_line,17.78,8.48,-8.96,29.87,1,wide_left,2,middle_third,False,29.32,19.22,2,half_space_left,3,attacking_third,False,True,,,,,,,,,,,,,,,,,,,,,,,,,,,,,,,,,,,,,,,,,,,,,,,,,,,,,,,,,,,,,,,,,,,10.78,36.11,2.45,4.1,1.65,41.72,16.39,-25.33,False,False,,,,,,,,,,,5.69,6.44,0.74,,,,,,,,,False,False,0.0191,0.9221,0.8046,True,,,,,,,,,,,,,,,,,,,,,,,,,,,,,,,,,,,,,,,,,,,,2,False,,,,True,4,3,-1,,,,,,,,,,,,,,,,,,True,True,,,,,,,,,,,,,,,
